DateKey,FullDate,Year,Quarter,QuarterName,Month,MonthName,MonthYear,WeekOfYear,DayOfWeek,DayName,DayOfMonth,IsWeekend,IsHoliday,FiscalYear,FiscalQuarter
20230101,2023-01-01,2023,1,2023-Q1,1,January,Jan-2023,52,7,Sunday,1,1,1,FY2023,FQ1
20230102,2023-01-02,2023,1,2023-Q1,1,January,Jan-2023,1,1,Monday,2,0,0,FY2023,FQ1
20230103,2023-01-03,2023,1,2023-Q1,1,January,Jan-2023,1,2,Tuesday,3,0,0,FY2023,FQ1
20230104,2023-01-04,2023,1,2023-Q1,1,January,Jan-2023,1,3,Wednesday,4,0,0,FY2023,FQ1
20230105,2023-01-05,2023,1,2023-Q1,1,January,Jan-2023,1,4,Thursday,5,0,0,FY2023,FQ1
20230106,2023-01-06,2023,1,2023-Q1,1,January,Jan-2023,1,5,Friday,6,0,0,FY2023,FQ1
20230107,2023-01-07,2023,1,2023-Q1,1,January,Jan-2023,1,6,Saturday,7,1,0,FY2023,FQ1
20230108,2023-01-08,2023,1,2023-Q1,1,January,Jan-2023,1,7,Sunday,8,1,0,FY2023,FQ1
20230109,2023-01-09,2023,1,2023-Q1,1,January,Jan-2023,2,1,Monday,9,0,0,FY2023,FQ1
20230110,2023-01-10,2023,1,2023-Q1,1,January,Jan-2023,2,2,Tuesday,10,0,0,FY2023,FQ1
20230111,2023-01-11,2023,1,2023-Q1,1,January,Jan-2023,2,3,Wednesday,11,0,0,FY2023,FQ1
20230112,2023-01-12,2023,1,2023-Q1,1,January,Jan-2023,2,4,Thursday,12,0,0,FY2023,FQ1
20230113,2023-01-13,2023,1,2023-Q1,1,January,Jan-2023,2,5,Friday,13,0,0,FY2023,FQ1
20230114,2023-01-14,2023,1,2023-Q1,1,January,Jan-2023,2,6,Saturday,14,1,0,FY2023,FQ1
20230115,2023-01-15,2023,1,2023-Q1,1,January,Jan-2023,2,7,Sunday,15,1,0,FY2023,FQ1
20230116,2023-01-16,2023,1,2023-Q1,1,January,Jan-2023,3,1,Monday,16,0,0,FY2023,FQ1
20230117,2023-01-17,2023,1,2023-Q1,1,January,Jan-2023,3,2,Tuesday,17,0,0,FY2023,FQ1
20230118,2023-01-18,2023,1,2023-Q1,1,January,Jan-2023,3,3,Wednesday,18,0,0,FY2023,FQ1
20230119,2023-01-19,2023,1,2023-Q1,1,January,Jan-2023,3,4,Thursday,19,0,0,FY2023,FQ1
20230120,2023-01-20,2023,1,2023-Q1,1,January,Jan-2023,3,5,Friday,20,0,0,FY2023,FQ1
20230121,2023-01-21,2023,1,2023-Q1,1,January,Jan-2023,3,6,Saturday,21,1,0,FY2023,FQ1
20230122,2023-01-22,2023,1,2023-Q1,1,January,Jan-2023,3,7,Sunday,22,1,0,FY2023,FQ1
20230123,2023-01-23,2023,1,2023-Q1,1,January,Jan-2023,4,1,Monday,23,0,0,FY2023,FQ1
20230124,2023-01-24,2023,1,2023-Q1,1,January,Jan-2023,4,2,Tuesday,24,0,0,FY2023,FQ1
20230125,2023-01-25,2023,1,2023-Q1,1,January,Jan-2023,4,3,Wednesday,25,0,0,FY2023,FQ1
20230126,2023-01-26,2023,1,2023-Q1,1,January,Jan-2023,4,4,Thursday,26,0,0,FY2023,FQ1
20230127,2023-01-27,2023,1,2023-Q1,1,January,Jan-2023,4,5,Friday,27,0,0,FY2023,FQ1
20230128,2023-01-28,2023,1,2023-Q1,1,January,Jan-2023,4,6,Saturday,28,1,0,FY2023,FQ1
20230129,2023-01-29,2023,1,2023-Q1,1,January,Jan-2023,4,7,Sunday,29,1,0,FY2023,FQ1
20230130,2023-01-30,2023,1,2023-Q1,1,January,Jan-2023,5,1,Monday,30,0,0,FY2023,FQ1
20230131,2023-01-31,2023,1,2023-Q1,1,January,Jan-2023,5,2,Tuesday,31,0,0,FY2023,FQ1
20230201,2023-02-01,2023,1,2023-Q1,2,February,Feb-2023,5,3,Wednesday,1,0,0,FY2023,FQ1
20230202,2023-02-02,2023,1,2023-Q1,2,February,Feb-2023,5,4,Thursday,2,0,0,FY2023,FQ1
20230203,2023-02-03,2023,1,2023-Q1,2,February,Feb-2023,5,5,Friday,3,0,0,FY2023,FQ1
20230204,2023-02-04,2023,1,2023-Q1,2,February,Feb-2023,5,6,Saturday,4,1,0,FY2023,FQ1
20230205,2023-02-05,2023,1,2023-Q1,2,February,Feb-2023,5,7,Sunday,5,1,0,FY2023,FQ1
20230206,2023-02-06,2023,1,2023-Q1,2,February,Feb-2023,6,1,Monday,6,0,0,FY2023,FQ1
20230207,2023-02-07,2023,1,2023-Q1,2,February,Feb-2023,6,2,Tuesday,7,0,0,FY2023,FQ1
20230208,2023-02-08,2023,1,2023-Q1,2,February,Feb-2023,6,3,Wednesday,8,0,0,FY2023,FQ1
20230209,2023-02-09,2023,1,2023-Q1,2,February,Feb-2023,6,4,Thursday,9,0,0,FY2023,FQ1
20230210,2023-02-10,2023,1,2023-Q1,2,February,Feb-2023,6,5,Friday,10,0,0,FY2023,FQ1
20230211,2023-02-11,2023,1,2023-Q1,2,February,Feb-2023,6,6,Saturday,11,1,0,FY2023,FQ1
20230212,2023-02-12,2023,1,2023-Q1,2,February,Feb-2023,6,7,Sunday,12,1,0,FY2023,FQ1
20230213,2023-02-13,2023,1,2023-Q1,2,February,Feb-2023,7,1,Monday,13,0,0,FY2023,FQ1
20230214,2023-02-14,2023,1,2023-Q1,2,February,Feb-2023,7,2,Tuesday,14,0,0,FY2023,FQ1
20230215,2023-02-15,2023,1,2023-Q1,2,February,Feb-2023,7,3,Wednesday,15,0,0,FY2023,FQ1
20230216,2023-02-16,2023,1,2023-Q1,2,February,Feb-2023,7,4,Thursday,16,0,0,FY2023,FQ1
20230217,2023-02-17,2023,1,2023-Q1,2,February,Feb-2023,7,5,Friday,17,0,0,FY2023,FQ1
20230218,2023-02-18,2023,1,2023-Q1,2,February,Feb-2023,7,6,Saturday,18,1,0,FY2023,FQ1
20230219,2023-02-19,2023,1,2023-Q1,2,February,Feb-2023,7,7,Sunday,19,1,0,FY2023,FQ1
20230220,2023-02-20,2023,1,2023-Q1,2,February,Feb-2023,8,1,Monday,20,0,0,FY2023,FQ1
20230221,2023-02-21,2023,1,2023-Q1,2,February,Feb-2023,8,2,Tuesday,21,0,0,FY2023,FQ1
20230222,2023-02-22,2023,1,2023-Q1,2,February,Feb-2023,8,3,Wednesday,22,0,0,FY2023,FQ1
20230223,2023-02-23,2023,1,2023-Q1,2,February,Feb-2023,8,4,Thursday,23,0,0,FY2023,FQ1
20230224,2023-02-24,2023,1,2023-Q1,2,February,Feb-2023,8,5,Friday,24,0,0,FY2023,FQ1
20230225,2023-02-25,2023,1,2023-Q1,2,February,Feb-2023,8,6,Saturday,25,1,0,FY2023,FQ1
20230226,2023-02-26,2023,1,2023-Q1,2,February,Feb-2023,8,7,Sunday,26,1,0,FY2023,FQ1
20230227,2023-02-27,2023,1,2023-Q1,2,February,Feb-2023,9,1,Monday,27,0,0,FY2023,FQ1
20230228,2023-02-28,2023,1,2023-Q1,2,February,Feb-2023,9,2,Tuesday,28,0,0,FY2023,FQ1
20230301,2023-03-01,2023,1,2023-Q1,3,March,Mar-2023,9,3,Wednesday,1,0,0,FY2023,FQ1
20230302,2023-03-02,2023,1,2023-Q1,3,March,Mar-2023,9,4,Thursday,2,0,0,FY2023,FQ1
20230303,2023-03-03,2023,1,2023-Q1,3,March,Mar-2023,9,5,Friday,3,0,0,FY2023,FQ1
20230304,2023-03-04,2023,1,2023-Q1,3,March,Mar-2023,9,6,Saturday,4,1,0,FY2023,FQ1
20230305,2023-03-05,2023,1,2023-Q1,3,March,Mar-2023,9,7,Sunday,5,1,0,FY2023,FQ1
20230306,2023-03-06,2023,1,2023-Q1,3,March,Mar-2023,10,1,Monday,6,0,0,FY2023,FQ1
20230307,2023-03-07,2023,1,2023-Q1,3,March,Mar-2023,10,2,Tuesday,7,0,0,FY2023,FQ1
20230308,2023-03-08,2023,1,2023-Q1,3,March,Mar-2023,10,3,Wednesday,8,0,0,FY2023,FQ1
20230309,2023-03-09,2023,1,2023-Q1,3,March,Mar-2023,10,4,Thursday,9,0,0,FY2023,FQ1
20230310,2023-03-10,2023,1,2023-Q1,3,March,Mar-2023,10,5,Friday,10,0,0,FY2023,FQ1
20230311,2023-03-11,2023,1,2023-Q1,3,March,Mar-2023,10,6,Saturday,11,1,0,FY2023,FQ1
20230312,2023-03-12,2023,1,2023-Q1,3,March,Mar-2023,10,7,Sunday,12,1,0,FY2023,FQ1
20230313,2023-03-13,2023,1,2023-Q1,3,March,Mar-2023,11,1,Monday,13,0,0,FY2023,FQ1
20230314,2023-03-14,2023,1,2023-Q1,3,March,Mar-2023,11,2,Tuesday,14,0,0,FY2023,FQ1
20230315,2023-03-15,2023,1,2023-Q1,3,March,Mar-2023,11,3,Wednesday,15,0,0,FY2023,FQ1
20230316,2023-03-16,2023,1,2023-Q1,3,March,Mar-2023,11,4,Thursday,16,0,0,FY2023,FQ1
20230317,2023-03-17,2023,1,2023-Q1,3,March,Mar-2023,11,5,Friday,17,0,0,FY2023,FQ1
20230318,2023-03-18,2023,1,2023-Q1,3,March,Mar-2023,11,6,Saturday,18,1,0,FY2023,FQ1
20230319,2023-03-19,2023,1,2023-Q1,3,March,Mar-2023,11,7,Sunday,19,1,0,FY2023,FQ1
20230320,2023-03-20,2023,1,2023-Q1,3,March,Mar-2023,12,1,Monday,20,0,0,FY2023,FQ1
20230321,2023-03-21,2023,1,2023-Q1,3,March,Mar-2023,12,2,Tuesday,21,0,0,FY2023,FQ1
20230322,2023-03-22,2023,1,2023-Q1,3,March,Mar-2023,12,3,Wednesday,22,0,0,FY2023,FQ1
20230323,2023-03-23,2023,1,2023-Q1,3,March,Mar-2023,12,4,Thursday,23,0,0,FY2023,FQ1
20230324,2023-03-24,2023,1,2023-Q1,3,March,Mar-2023,12,5,Friday,24,0,0,FY2023,FQ1
20230325,2023-03-25,2023,1,2023-Q1,3,March,Mar-2023,12,6,Saturday,25,1,0,FY2023,FQ1
20230326,2023-03-26,2023,1,2023-Q1,3,March,Mar-2023,12,7,Sunday,26,1,0,FY2023,FQ1
20230327,2023-03-27,2023,1,2023-Q1,3,March,Mar-2023,13,1,Monday,27,0,0,FY2023,FQ1
20230328,2023-03-28,2023,1,2023-Q1,3,March,Mar-2023,13,2,Tuesday,28,0,0,FY2023,FQ1
20230329,2023-03-29,2023,1,2023-Q1,3,March,Mar-2023,13,3,Wednesday,29,0,0,FY2023,FQ1
20230330,2023-03-30,2023,1,2023-Q1,3,March,Mar-2023,13,4,Thursday,30,0,0,FY2023,FQ1
20230331,2023-03-31,2023,1,2023-Q1,3,March,Mar-2023,13,5,Friday,31,0,0,FY2023,FQ1
20230401,2023-04-01,2023,2,2023-Q2,4,April,Apr-2023,13,6,Saturday,1,1,0,FY2023,FQ2
20230402,2023-04-02,2023,2,2023-Q2,4,April,Apr-2023,13,7,Sunday,2,1,0,FY2023,FQ2
20230403,2023-04-03,2023,2,2023-Q2,4,April,Apr-2023,14,1,Monday,3,0,0,FY2023,FQ2
20230404,2023-04-04,2023,2,2023-Q2,4,April,Apr-2023,14,2,Tuesday,4,0,0,FY2023,FQ2
20230405,2023-04-05,2023,2,2023-Q2,4,April,Apr-2023,14,3,Wednesday,5,0,0,FY2023,FQ2
20230406,2023-04-06,2023,2,2023-Q2,4,April,Apr-2023,14,4,Thursday,6,0,0,FY2023,FQ2
20230407,2023-04-07,2023,2,2023-Q2,4,April,Apr-2023,14,5,Friday,7,0,0,FY2023,FQ2
20230408,2023-04-08,2023,2,2023-Q2,4,April,Apr-2023,14,6,Saturday,8,1,0,FY2023,FQ2
20230409,2023-04-09,2023,2,2023-Q2,4,April,Apr-2023,14,7,Sunday,9,1,0,FY2023,FQ2
20230410,2023-04-10,2023,2,2023-Q2,4,April,Apr-2023,15,1,Monday,10,0,0,FY2023,FQ2
20230411,2023-04-11,2023,2,2023-Q2,4,April,Apr-2023,15,2,Tuesday,11,0,0,FY2023,FQ2
20230412,2023-04-12,2023,2,2023-Q2,4,April,Apr-2023,15,3,Wednesday,12,0,0,FY2023,FQ2
20230413,2023-04-13,2023,2,2023-Q2,4,April,Apr-2023,15,4,Thursday,13,0,0,FY2023,FQ2
20230414,2023-04-14,2023,2,2023-Q2,4,April,Apr-2023,15,5,Friday,14,0,0,FY2023,FQ2
20230415,2023-04-15,2023,2,2023-Q2,4,April,Apr-2023,15,6,Saturday,15,1,0,FY2023,FQ2
20230416,2023-04-16,2023,2,2023-Q2,4,April,Apr-2023,15,7,Sunday,16,1,0,FY2023,FQ2
20230417,2023-04-17,2023,2,2023-Q2,4,April,Apr-2023,16,1,Monday,17,0,0,FY2023,FQ2
20230418,2023-04-18,2023,2,2023-Q2,4,April,Apr-2023,16,2,Tuesday,18,0,0,FY2023,FQ2
20230419,2023-04-19,2023,2,2023-Q2,4,April,Apr-2023,16,3,Wednesday,19,0,0,FY2023,FQ2
20230420,2023-04-20,2023,2,2023-Q2,4,April,Apr-2023,16,4,Thursday,20,0,0,FY2023,FQ2
20230421,2023-04-21,2023,2,2023-Q2,4,April,Apr-2023,16,5,Friday,21,0,0,FY2023,FQ2
20230422,2023-04-22,2023,2,2023-Q2,4,April,Apr-2023,16,6,Saturday,22,1,0,FY2023,FQ2
20230423,2023-04-23,2023,2,2023-Q2,4,April,Apr-2023,16,7,Sunday,23,1,0,FY2023,FQ2
20230424,2023-04-24,2023,2,2023-Q2,4,April,Apr-2023,17,1,Monday,24,0,0,FY2023,FQ2
20230425,2023-04-25,2023,2,2023-Q2,4,April,Apr-2023,17,2,Tuesday,25,0,0,FY2023,FQ2
20230426,2023-04-26,2023,2,2023-Q2,4,April,Apr-2023,17,3,Wednesday,26,0,0,FY2023,FQ2
20230427,2023-04-27,2023,2,2023-Q2,4,April,Apr-2023,17,4,Thursday,27,0,0,FY2023,FQ2
20230428,2023-04-28,2023,2,2023-Q2,4,April,Apr-2023,17,5,Friday,28,0,0,FY2023,FQ2
20230429,2023-04-29,2023,2,2023-Q2,4,April,Apr-2023,17,6,Saturday,29,1,0,FY2023,FQ2
20230430,2023-04-30,2023,2,2023-Q2,4,April,Apr-2023,17,7,Sunday,30,1,0,FY2023,FQ2
20230501,2023-05-01,2023,2,2023-Q2,5,May,May-2023,18,1,Monday,1,0,0,FY2023,FQ2
20230502,2023-05-02,2023,2,2023-Q2,5,May,May-2023,18,2,Tuesday,2,0,0,FY2023,FQ2
20230503,2023-05-03,2023,2,2023-Q2,5,May,May-2023,18,3,Wednesday,3,0,0,FY2023,FQ2
20230504,2023-05-04,2023,2,2023-Q2,5,May,May-2023,18,4,Thursday,4,0,0,FY2023,FQ2
20230505,2023-05-05,2023,2,2023-Q2,5,May,May-2023,18,5,Friday,5,0,0,FY2023,FQ2
20230506,2023-05-06,2023,2,2023-Q2,5,May,May-2023,18,6,Saturday,6,1,0,FY2023,FQ2
20230507,2023-05-07,2023,2,2023-Q2,5,May,May-2023,18,7,Sunday,7,1,0,FY2023,FQ2
20230508,2023-05-08,2023,2,2023-Q2,5,May,May-2023,19,1,Monday,8,0,0,FY2023,FQ2
20230509,2023-05-09,2023,2,2023-Q2,5,May,May-2023,19,2,Tuesday,9,0,0,FY2023,FQ2
20230510,2023-05-10,2023,2,2023-Q2,5,May,May-2023,19,3,Wednesday,10,0,0,FY2023,FQ2
20230511,2023-05-11,2023,2,2023-Q2,5,May,May-2023,19,4,Thursday,11,0,0,FY2023,FQ2
20230512,2023-05-12,2023,2,2023-Q2,5,May,May-2023,19,5,Friday,12,0,0,FY2023,FQ2
20230513,2023-05-13,2023,2,2023-Q2,5,May,May-2023,19,6,Saturday,13,1,0,FY2023,FQ2
20230514,2023-05-14,2023,2,2023-Q2,5,May,May-2023,19,7,Sunday,14,1,0,FY2023,FQ2
20230515,2023-05-15,2023,2,2023-Q2,5,May,May-2023,20,1,Monday,15,0,0,FY2023,FQ2
20230516,2023-05-16,2023,2,2023-Q2,5,May,May-2023,20,2,Tuesday,16,0,0,FY2023,FQ2
20230517,2023-05-17,2023,2,2023-Q2,5,May,May-2023,20,3,Wednesday,17,0,0,FY2023,FQ2
20230518,2023-05-18,2023,2,2023-Q2,5,May,May-2023,20,4,Thursday,18,0,0,FY2023,FQ2
20230519,2023-05-19,2023,2,2023-Q2,5,May,May-2023,20,5,Friday,19,0,0,FY2023,FQ2
20230520,2023-05-20,2023,2,2023-Q2,5,May,May-2023,20,6,Saturday,20,1,0,FY2023,FQ2
20230521,2023-05-21,2023,2,2023-Q2,5,May,May-2023,20,7,Sunday,21,1,0,FY2023,FQ2
20230522,2023-05-22,2023,2,2023-Q2,5,May,May-2023,21,1,Monday,22,0,0,FY2023,FQ2
20230523,2023-05-23,2023,2,2023-Q2,5,May,May-2023,21,2,Tuesday,23,0,0,FY2023,FQ2
20230524,2023-05-24,2023,2,2023-Q2,5,May,May-2023,21,3,Wednesday,24,0,0,FY2023,FQ2
20230525,2023-05-25,2023,2,2023-Q2,5,May,May-2023,21,4,Thursday,25,0,0,FY2023,FQ2
20230526,2023-05-26,2023,2,2023-Q2,5,May,May-2023,21,5,Friday,26,0,0,FY2023,FQ2
20230527,2023-05-27,2023,2,2023-Q2,5,May,May-2023,21,6,Saturday,27,1,0,FY2023,FQ2
20230528,2023-05-28,2023,2,2023-Q2,5,May,May-2023,21,7,Sunday,28,1,0,FY2023,FQ2
20230529,2023-05-29,2023,2,2023-Q2,5,May,May-2023,22,1,Monday,29,0,1,FY2023,FQ2
20230530,2023-05-30,2023,2,2023-Q2,5,May,May-2023,22,2,Tuesday,30,0,0,FY2023,FQ2
20230531,2023-05-31,2023,2,2023-Q2,5,May,May-2023,22,3,Wednesday,31,0,0,FY2023,FQ2
20230601,2023-06-01,2023,2,2023-Q2,6,June,Jun-2023,22,4,Thursday,1,0,0,FY2023,FQ2
20230602,2023-06-02,2023,2,2023-Q2,6,June,Jun-2023,22,5,Friday,2,0,0,FY2023,FQ2
20230603,2023-06-03,2023,2,2023-Q2,6,June,Jun-2023,22,6,Saturday,3,1,0,FY2023,FQ2
20230604,2023-06-04,2023,2,2023-Q2,6,June,Jun-2023,22,7,Sunday,4,1,0,FY2023,FQ2
20230605,2023-06-05,2023,2,2023-Q2,6,June,Jun-2023,23,1,Monday,5,0,0,FY2023,FQ2
20230606,2023-06-06,2023,2,2023-Q2,6,June,Jun-2023,23,2,Tuesday,6,0,0,FY2023,FQ2
20230607,2023-06-07,2023,2,2023-Q2,6,June,Jun-2023,23,3,Wednesday,7,0,0,FY2023,FQ2
20230608,2023-06-08,2023,2,2023-Q2,6,June,Jun-2023,23,4,Thursday,8,0,0,FY2023,FQ2
20230609,2023-06-09,2023,2,2023-Q2,6,June,Jun-2023,23,5,Friday,9,0,0,FY2023,FQ2
20230610,2023-06-10,2023,2,2023-Q2,6,June,Jun-2023,23,6,Saturday,10,1,0,FY2023,FQ2
20230611,2023-06-11,2023,2,2023-Q2,6,June,Jun-2023,23,7,Sunday,11,1,0,FY2023,FQ2
20230612,2023-06-12,2023,2,2023-Q2,6,June,Jun-2023,24,1,Monday,12,0,0,FY2023,FQ2
20230613,2023-06-13,2023,2,2023-Q2,6,June,Jun-2023,24,2,Tuesday,13,0,0,FY2023,FQ2
20230614,2023-06-14,2023,2,2023-Q2,6,June,Jun-2023,24,3,Wednesday,14,0,0,FY2023,FQ2
20230615,2023-06-15,2023,2,2023-Q2,6,June,Jun-2023,24,4,Thursday,15,0,0,FY2023,FQ2
20230616,2023-06-16,2023,2,2023-Q2,6,June,Jun-2023,24,5,Friday,16,0,0,FY2023,FQ2
20230617,2023-06-17,2023,2,2023-Q2,6,June,Jun-2023,24,6,Saturday,17,1,0,FY2023,FQ2
20230618,2023-06-18,2023,2,2023-Q2,6,June,Jun-2023,24,7,Sunday,18,1,0,FY2023,FQ2
20230619,2023-06-19,2023,2,2023-Q2,6,June,Jun-2023,25,1,Monday,19,0,0,FY2023,FQ2
20230620,2023-06-20,2023,2,2023-Q2,6,June,Jun-2023,25,2,Tuesday,20,0,0,FY2023,FQ2
20230621,2023-06-21,2023,2,2023-Q2,6,June,Jun-2023,25,3,Wednesday,21,0,0,FY2023,FQ2
20230622,2023-06-22,2023,2,2023-Q2,6,June,Jun-2023,25,4,Thursday,22,0,0,FY2023,FQ2
20230623,2023-06-23,2023,2,2023-Q2,6,June,Jun-2023,25,5,Friday,23,0,0,FY2023,FQ2
20230624,2023-06-24,2023,2,2023-Q2,6,June,Jun-2023,25,6,Saturday,24,1,0,FY2023,FQ2
20230625,2023-06-25,2023,2,2023-Q2,6,June,Jun-2023,25,7,Sunday,25,1,0,FY2023,FQ2
20230626,2023-06-26,2023,2,2023-Q2,6,June,Jun-2023,26,1,Monday,26,0,0,FY2023,FQ2
20230627,2023-06-27,2023,2,2023-Q2,6,June,Jun-2023,26,2,Tuesday,27,0,0,FY2023,FQ2
20230628,2023-06-28,2023,2,2023-Q2,6,June,Jun-2023,26,3,Wednesday,28,0,0,FY2023,FQ2
20230629,2023-06-29,2023,2,2023-Q2,6,June,Jun-2023,26,4,Thursday,29,0,0,FY2023,FQ2
20230630,2023-06-30,2023,2,2023-Q2,6,June,Jun-2023,26,5,Friday,30,0,0,FY2023,FQ2
20230701,2023-07-01,2023,3,2023-Q3,7,July,Jul-2023,26,6,Saturday,1,1,0,FY2023,FQ3
20230702,2023-07-02,2023,3,2023-Q3,7,July,Jul-2023,26,7,Sunday,2,1,0,FY2023,FQ3
20230703,2023-07-03,2023,3,2023-Q3,7,July,Jul-2023,27,1,Monday,3,0,0,FY2023,FQ3
20230704,2023-07-04,2023,3,2023-Q3,7,July,Jul-2023,27,2,Tuesday,4,0,1,FY2023,FQ3
20230705,2023-07-05,2023,3,2023-Q3,7,July,Jul-2023,27,3,Wednesday,5,0,0,FY2023,FQ3
20230706,2023-07-06,2023,3,2023-Q3,7,July,Jul-2023,27,4,Thursday,6,0,0,FY2023,FQ3
20230707,2023-07-07,2023,3,2023-Q3,7,July,Jul-2023,27,5,Friday,7,0,0,FY2023,FQ3
20230708,2023-07-08,2023,3,2023-Q3,7,July,Jul-2023,27,6,Saturday,8,1,0,FY2023,FQ3
20230709,2023-07-09,2023,3,2023-Q3,7,July,Jul-2023,27,7,Sunday,9,1,0,FY2023,FQ3
20230710,2023-07-10,2023,3,2023-Q3,7,July,Jul-2023,28,1,Monday,10,0,0,FY2023,FQ3
20230711,2023-07-11,2023,3,2023-Q3,7,July,Jul-2023,28,2,Tuesday,11,0,0,FY2023,FQ3
20230712,2023-07-12,2023,3,2023-Q3,7,July,Jul-2023,28,3,Wednesday,12,0,0,FY2023,FQ3
20230713,2023-07-13,2023,3,2023-Q3,7,July,Jul-2023,28,4,Thursday,13,0,0,FY2023,FQ3
20230714,2023-07-14,2023,3,2023-Q3,7,July,Jul-2023,28,5,Friday,14,0,0,FY2023,FQ3
20230715,2023-07-15,2023,3,2023-Q3,7,July,Jul-2023,28,6,Saturday,15,1,0,FY2023,FQ3
20230716,2023-07-16,2023,3,2023-Q3,7,July,Jul-2023,28,7,Sunday,16,1,0,FY2023,FQ3
20230717,2023-07-17,2023,3,2023-Q3,7,July,Jul-2023,29,1,Monday,17,0,0,FY2023,FQ3
20230718,2023-07-18,2023,3,2023-Q3,7,July,Jul-2023,29,2,Tuesday,18,0,0,FY2023,FQ3
20230719,2023-07-19,2023,3,2023-Q3,7,July,Jul-2023,29,3,Wednesday,19,0,0,FY2023,FQ3
20230720,2023-07-20,2023,3,2023-Q3,7,July,Jul-2023,29,4,Thursday,20,0,0,FY2023,FQ3
20230721,2023-07-21,2023,3,2023-Q3,7,July,Jul-2023,29,5,Friday,21,0,0,FY2023,FQ3
20230722,2023-07-22,2023,3,2023-Q3,7,July,Jul-2023,29,6,Saturday,22,1,0,FY2023,FQ3
20230723,2023-07-23,2023,3,2023-Q3,7,July,Jul-2023,29,7,Sunday,23,1,0,FY2023,FQ3
20230724,2023-07-24,2023,3,2023-Q3,7,July,Jul-2023,30,1,Monday,24,0,0,FY2023,FQ3
20230725,2023-07-25,2023,3,2023-Q3,7,July,Jul-2023,30,2,Tuesday,25,0,0,FY2023,FQ3
20230726,2023-07-26,2023,3,2023-Q3,7,July,Jul-2023,30,3,Wednesday,26,0,0,FY2023,FQ3
20230727,2023-07-27,2023,3,2023-Q3,7,July,Jul-2023,30,4,Thursday,27,0,0,FY2023,FQ3
20230728,2023-07-28,2023,3,2023-Q3,7,July,Jul-2023,30,5,Friday,28,0,0,FY2023,FQ3
20230729,2023-07-29,2023,3,2023-Q3,7,July,Jul-2023,30,6,Saturday,29,1,0,FY2023,FQ3
20230730,2023-07-30,2023,3,2023-Q3,7,July,Jul-2023,30,7,Sunday,30,1,0,FY2023,FQ3
20230731,2023-07-31,2023,3,2023-Q3,7,July,Jul-2023,31,1,Monday,31,0,0,FY2023,FQ3
20230801,2023-08-01,2023,3,2023-Q3,8,August,Aug-2023,31,2,Tuesday,1,0,0,FY2023,FQ3
20230802,2023-08-02,2023,3,2023-Q3,8,August,Aug-2023,31,3,Wednesday,2,0,0,FY2023,FQ3
20230803,2023-08-03,2023,3,2023-Q3,8,August,Aug-2023,31,4,Thursday,3,0,0,FY2023,FQ3
20230804,2023-08-04,2023,3,2023-Q3,8,August,Aug-2023,31,5,Friday,4,0,0,FY2023,FQ3
20230805,2023-08-05,2023,3,2023-Q3,8,August,Aug-2023,31,6,Saturday,5,1,0,FY2023,FQ3
20230806,2023-08-06,2023,3,2023-Q3,8,August,Aug-2023,31,7,Sunday,6,1,0,FY2023,FQ3
20230807,2023-08-07,2023,3,2023-Q3,8,August,Aug-2023,32,1,Monday,7,0,0,FY2023,FQ3
20230808,2023-08-08,2023,3,2023-Q3,8,August,Aug-2023,32,2,Tuesday,8,0,0,FY2023,FQ3
20230809,2023-08-09,2023,3,2023-Q3,8,August,Aug-2023,32,3,Wednesday,9,0,0,FY2023,FQ3
20230810,2023-08-10,2023,3,2023-Q3,8,August,Aug-2023,32,4,Thursday,10,0,0,FY2023,FQ3
20230811,2023-08-11,2023,3,2023-Q3,8,August,Aug-2023,32,5,Friday,11,0,0,FY2023,FQ3
20230812,2023-08-12,2023,3,2023-Q3,8,August,Aug-2023,32,6,Saturday,12,1,0,FY2023,FQ3
20230813,2023-08-13,2023,3,2023-Q3,8,August,Aug-2023,32,7,Sunday,13,1,0,FY2023,FQ3
20230814,2023-08-14,2023,3,2023-Q3,8,August,Aug-2023,33,1,Monday,14,0,0,FY2023,FQ3
20230815,2023-08-15,2023,3,2023-Q3,8,August,Aug-2023,33,2,Tuesday,15,0,0,FY2023,FQ3
20230816,2023-08-16,2023,3,2023-Q3,8,August,Aug-2023,33,3,Wednesday,16,0,0,FY2023,FQ3
20230817,2023-08-17,2023,3,2023-Q3,8,August,Aug-2023,33,4,Thursday,17,0,0,FY2023,FQ3
20230818,2023-08-18,2023,3,2023-Q3,8,August,Aug-2023,33,5,Friday,18,0,0,FY2023,FQ3
20230819,2023-08-19,2023,3,2023-Q3,8,August,Aug-2023,33,6,Saturday,19,1,0,FY2023,FQ3
20230820,2023-08-20,2023,3,2023-Q3,8,August,Aug-2023,33,7,Sunday,20,1,0,FY2023,FQ3
20230821,2023-08-21,2023,3,2023-Q3,8,August,Aug-2023,34,1,Monday,21,0,0,FY2023,FQ3
20230822,2023-08-22,2023,3,2023-Q3,8,August,Aug-2023,34,2,Tuesday,22,0,0,FY2023,FQ3
20230823,2023-08-23,2023,3,2023-Q3,8,August,Aug-2023,34,3,Wednesday,23,0,0,FY2023,FQ3
20230824,2023-08-24,2023,3,2023-Q3,8,August,Aug-2023,34,4,Thursday,24,0,0,FY2023,FQ3
20230825,2023-08-25,2023,3,2023-Q3,8,August,Aug-2023,34,5,Friday,25,0,0,FY2023,FQ3
20230826,2023-08-26,2023,3,2023-Q3,8,August,Aug-2023,34,6,Saturday,26,1,0,FY2023,FQ3
20230827,2023-08-27,2023,3,2023-Q3,8,August,Aug-2023,34,7,Sunday,27,1,0,FY2023,FQ3
20230828,2023-08-28,2023,3,2023-Q3,8,August,Aug-2023,35,1,Monday,28,0,0,FY2023,FQ3
20230829,2023-08-29,2023,3,2023-Q3,8,August,Aug-2023,35,2,Tuesday,29,0,0,FY2023,FQ3
20230830,2023-08-30,2023,3,2023-Q3,8,August,Aug-2023,35,3,Wednesday,30,0,0,FY2023,FQ3
20230831,2023-08-31,2023,3,2023-Q3,8,August,Aug-2023,35,4,Thursday,31,0,0,FY2023,FQ3
20230901,2023-09-01,2023,3,2023-Q3,9,September,Sep-2023,35,5,Friday,1,0,0,FY2023,FQ3
20230902,2023-09-02,2023,3,2023-Q3,9,September,Sep-2023,35,6,Saturday,2,1,0,FY2023,FQ3
20230903,2023-09-03,2023,3,2023-Q3,9,September,Sep-2023,35,7,Sunday,3,1,0,FY2023,FQ3
20230904,2023-09-04,2023,3,2023-Q3,9,September,Sep-2023,36,1,Monday,4,0,1,FY2023,FQ3
20230905,2023-09-05,2023,3,2023-Q3,9,September,Sep-2023,36,2,Tuesday,5,0,0,FY2023,FQ3
20230906,2023-09-06,2023,3,2023-Q3,9,September,Sep-2023,36,3,Wednesday,6,0,0,FY2023,FQ3
20230907,2023-09-07,2023,3,2023-Q3,9,September,Sep-2023,36,4,Thursday,7,0,0,FY2023,FQ3
20230908,2023-09-08,2023,3,2023-Q3,9,September,Sep-2023,36,5,Friday,8,0,0,FY2023,FQ3
20230909,2023-09-09,2023,3,2023-Q3,9,September,Sep-2023,36,6,Saturday,9,1,0,FY2023,FQ3
20230910,2023-09-10,2023,3,2023-Q3,9,September,Sep-2023,36,7,Sunday,10,1,0,FY2023,FQ3
20230911,2023-09-11,2023,3,2023-Q3,9,September,Sep-2023,37,1,Monday,11,0,0,FY2023,FQ3
20230912,2023-09-12,2023,3,2023-Q3,9,September,Sep-2023,37,2,Tuesday,12,0,0,FY2023,FQ3
20230913,2023-09-13,2023,3,2023-Q3,9,September,Sep-2023,37,3,Wednesday,13,0,0,FY2023,FQ3
20230914,2023-09-14,2023,3,2023-Q3,9,September,Sep-2023,37,4,Thursday,14,0,0,FY2023,FQ3
20230915,2023-09-15,2023,3,2023-Q3,9,September,Sep-2023,37,5,Friday,15,0,0,FY2023,FQ3
20230916,2023-09-16,2023,3,2023-Q3,9,September,Sep-2023,37,6,Saturday,16,1,0,FY2023,FQ3
20230917,2023-09-17,2023,3,2023-Q3,9,September,Sep-2023,37,7,Sunday,17,1,0,FY2023,FQ3
20230918,2023-09-18,2023,3,2023-Q3,9,September,Sep-2023,38,1,Monday,18,0,0,FY2023,FQ3
20230919,2023-09-19,2023,3,2023-Q3,9,September,Sep-2023,38,2,Tuesday,19,0,0,FY2023,FQ3
20230920,2023-09-20,2023,3,2023-Q3,9,September,Sep-2023,38,3,Wednesday,20,0,0,FY2023,FQ3
20230921,2023-09-21,2023,3,2023-Q3,9,September,Sep-2023,38,4,Thursday,21,0,0,FY2023,FQ3
20230922,2023-09-22,2023,3,2023-Q3,9,September,Sep-2023,38,5,Friday,22,0,0,FY2023,FQ3
20230923,2023-09-23,2023,3,2023-Q3,9,September,Sep-2023,38,6,Saturday,23,1,0,FY2023,FQ3
20230924,2023-09-24,2023,3,2023-Q3,9,September,Sep-2023,38,7,Sunday,24,1,0,FY2023,FQ3
20230925,2023-09-25,2023,3,2023-Q3,9,September,Sep-2023,39,1,Monday,25,0,0,FY2023,FQ3
20230926,2023-09-26,2023,3,2023-Q3,9,September,Sep-2023,39,2,Tuesday,26,0,0,FY2023,FQ3
20230927,2023-09-27,2023,3,2023-Q3,9,September,Sep-2023,39,3,Wednesday,27,0,0,FY2023,FQ3
20230928,2023-09-28,2023,3,2023-Q3,9,September,Sep-2023,39,4,Thursday,28,0,0,FY2023,FQ3
20230929,2023-09-29,2023,3,2023-Q3,9,September,Sep-2023,39,5,Friday,29,0,0,FY2023,FQ3
20230930,2023-09-30,2023,3,2023-Q3,9,September,Sep-2023,39,6,Saturday,30,1,0,FY2023,FQ3
20231001,2023-10-01,2023,4,2023-Q4,10,October,Oct-2023,39,7,Sunday,1,1,0,FY2023,FQ4
20231002,2023-10-02,2023,4,2023-Q4,10,October,Oct-2023,40,1,Monday,2,0,0,FY2023,FQ4
20231003,2023-10-03,2023,4,2023-Q4,10,October,Oct-2023,40,2,Tuesday,3,0,0,FY2023,FQ4
20231004,2023-10-04,2023,4,2023-Q4,10,October,Oct-2023,40,3,Wednesday,4,0,0,FY2023,FQ4
20231005,2023-10-05,2023,4,2023-Q4,10,October,Oct-2023,40,4,Thursday,5,0,0,FY2023,FQ4
20231006,2023-10-06,2023,4,2023-Q4,10,October,Oct-2023,40,5,Friday,6,0,0,FY2023,FQ4
20231007,2023-10-07,2023,4,2023-Q4,10,October,Oct-2023,40,6,Saturday,7,1,0,FY2023,FQ4
20231008,2023-10-08,2023,4,2023-Q4,10,October,Oct-2023,40,7,Sunday,8,1,0,FY2023,FQ4
20231009,2023-10-09,2023,4,2023-Q4,10,October,Oct-2023,41,1,Monday,9,0,0,FY2023,FQ4
20231010,2023-10-10,2023,4,2023-Q4,10,October,Oct-2023,41,2,Tuesday,10,0,0,FY2023,FQ4
20231011,2023-10-11,2023,4,2023-Q4,10,October,Oct-2023,41,3,Wednesday,11,0,0,FY2023,FQ4
20231012,2023-10-12,2023,4,2023-Q4,10,October,Oct-2023,41,4,Thursday,12,0,0,FY2023,FQ4
20231013,2023-10-13,2023,4,2023-Q4,10,October,Oct-2023,41,5,Friday,13,0,0,FY2023,FQ4
20231014,2023-10-14,2023,4,2023-Q4,10,October,Oct-2023,41,6,Saturday,14,1,0,FY2023,FQ4
20231015,2023-10-15,2023,4,2023-Q4,10,October,Oct-2023,41,7,Sunday,15,1,0,FY2023,FQ4
20231016,2023-10-16,2023,4,2023-Q4,10,October,Oct-2023,42,1,Monday,16,0,0,FY2023,FQ4
20231017,2023-10-17,2023,4,2023-Q4,10,October,Oct-2023,42,2,Tuesday,17,0,0,FY2023,FQ4
20231018,2023-10-18,2023,4,2023-Q4,10,October,Oct-2023,42,3,Wednesday,18,0,0,FY2023,FQ4
20231019,2023-10-19,2023,4,2023-Q4,10,October,Oct-2023,42,4,Thursday,19,0,0,FY2023,FQ4
20231020,2023-10-20,2023,4,2023-Q4,10,October,Oct-2023,42,5,Friday,20,0,0,FY2023,FQ4
20231021,2023-10-21,2023,4,2023-Q4,10,October,Oct-2023,42,6,Saturday,21,1,0,FY2023,FQ4
20231022,2023-10-22,2023,4,2023-Q4,10,October,Oct-2023,42,7,Sunday,22,1,0,FY2023,FQ4
20231023,2023-10-23,2023,4,2023-Q4,10,October,Oct-2023,43,1,Monday,23,0,0,FY2023,FQ4
20231024,2023-10-24,2023,4,2023-Q4,10,October,Oct-2023,43,2,Tuesday,24,0,0,FY2023,FQ4
20231025,2023-10-25,2023,4,2023-Q4,10,October,Oct-2023,43,3,Wednesday,25,0,0,FY2023,FQ4
20231026,2023-10-26,2023,4,2023-Q4,10,October,Oct-2023,43,4,Thursday,26,0,0,FY2023,FQ4
20231027,2023-10-27,2023,4,2023-Q4,10,October,Oct-2023,43,5,Friday,27,0,0,FY2023,FQ4
20231028,2023-10-28,2023,4,2023-Q4,10,October,Oct-2023,43,6,Saturday,28,1,0,FY2023,FQ4
20231029,2023-10-29,2023,4,2023-Q4,10,October,Oct-2023,43,7,Sunday,29,1,0,FY2023,FQ4
20231030,2023-10-30,2023,4,2023-Q4,10,October,Oct-2023,44,1,Monday,30,0,0,FY2023,FQ4
20231031,2023-10-31,2023,4,2023-Q4,10,October,Oct-2023,44,2,Tuesday,31,0,0,FY2023,FQ4
20231101,2023-11-01,2023,4,2023-Q4,11,November,Nov-2023,44,3,Wednesday,1,0,0,FY2023,FQ4
20231102,2023-11-02,2023,4,2023-Q4,11,November,Nov-2023,44,4,Thursday,2,0,0,FY2023,FQ4
20231103,2023-11-03,2023,4,2023-Q4,11,November,Nov-2023,44,5,Friday,3,0,0,FY2023,FQ4
20231104,2023-11-04,2023,4,2023-Q4,11,November,Nov-2023,44,6,Saturday,4,1,0,FY2023,FQ4
20231105,2023-11-05,2023,4,2023-Q4,11,November,Nov-2023,44,7,Sunday,5,1,0,FY2023,FQ4
20231106,2023-11-06,2023,4,2023-Q4,11,November,Nov-2023,45,1,Monday,6,0,0,FY2023,FQ4
20231107,2023-11-07,2023,4,2023-Q4,11,November,Nov-2023,45,2,Tuesday,7,0,0,FY2023,FQ4
20231108,2023-11-08,2023,4,2023-Q4,11,November,Nov-2023,45,3,Wednesday,8,0,0,FY2023,FQ4
20231109,2023-11-09,2023,4,2023-Q4,11,November,Nov-2023,45,4,Thursday,9,0,0,FY2023,FQ4
20231110,2023-11-10,2023,4,2023-Q4,11,November,Nov-2023,45,5,Friday,10,0,0,FY2023,FQ4
20231111,2023-11-11,2023,4,2023-Q4,11,November,Nov-2023,45,6,Saturday,11,1,1,FY2023,FQ4
20231112,2023-11-12,2023,4,2023-Q4,11,November,Nov-2023,45,7,Sunday,12,1,0,FY2023,FQ4
20231113,2023-11-13,2023,4,2023-Q4,11,November,Nov-2023,46,1,Monday,13,0,0,FY2023,FQ4
20231114,2023-11-14,2023,4,2023-Q4,11,November,Nov-2023,46,2,Tuesday,14,0,0,FY2023,FQ4
20231115,2023-11-15,2023,4,2023-Q4,11,November,Nov-2023,46,3,Wednesday,15,0,0,FY2023,FQ4
20231116,2023-11-16,2023,4,2023-Q4,11,November,Nov-2023,46,4,Thursday,16,0,0,FY2023,FQ4
20231117,2023-11-17,2023,4,2023-Q4,11,November,Nov-2023,46,5,Friday,17,0,0,FY2023,FQ4
20231118,2023-11-18,2023,4,2023-Q4,11,November,Nov-2023,46,6,Saturday,18,1,0,FY2023,FQ4
20231119,2023-11-19,2023,4,2023-Q4,11,November,Nov-2023,46,7,Sunday,19,1,0,FY2023,FQ4
20231120,2023-11-20,2023,4,2023-Q4,11,November,Nov-2023,47,1,Monday,20,0,0,FY2023,FQ4
20231121,2023-11-21,2023,4,2023-Q4,11,November,Nov-2023,47,2,Tuesday,21,0,0,FY2023,FQ4
20231122,2023-11-22,2023,4,2023-Q4,11,November,Nov-2023,47,3,Wednesday,22,0,0,FY2023,FQ4
20231123,2023-11-23,2023,4,2023-Q4,11,November,Nov-2023,47,4,Thursday,23,0,1,FY2023,FQ4
20231124,2023-11-24,2023,4,2023-Q4,11,November,Nov-2023,47,5,Friday,24,0,1,FY2023,FQ4
20231125,2023-11-25,2023,4,2023-Q4,11,November,Nov-2023,47,6,Saturday,25,1,0,FY2023,FQ4
20231126,2023-11-26,2023,4,2023-Q4,11,November,Nov-2023,47,7,Sunday,26,1,0,FY2023,FQ4
20231127,2023-11-27,2023,4,2023-Q4,11,November,Nov-2023,48,1,Monday,27,0,1,FY2023,FQ4
20231128,2023-11-28,2023,4,2023-Q4,11,November,Nov-2023,48,2,Tuesday,28,0,0,FY2023,FQ4
20231129,2023-11-29,2023,4,2023-Q4,11,November,Nov-2023,48,3,Wednesday,29,0,0,FY2023,FQ4
20231130,2023-11-30,2023,4,2023-Q4,11,November,Nov-2023,48,4,Thursday,30,0,0,FY2023,FQ4
20231201,2023-12-01,2023,4,2023-Q4,12,December,Dec-2023,48,5,Friday,1,0,0,FY2023,FQ4
20231202,2023-12-02,2023,4,2023-Q4,12,December,Dec-2023,48,6,Saturday,2,1,0,FY2023,FQ4
20231203,2023-12-03,2023,4,2023-Q4,12,December,Dec-2023,48,7,Sunday,3,1,0,FY2023,FQ4
20231204,2023-12-04,2023,4,2023-Q4,12,December,Dec-2023,49,1,Monday,4,0,0,FY2023,FQ4
20231205,2023-12-05,2023,4,2023-Q4,12,December,Dec-2023,49,2,Tuesday,5,0,0,FY2023,FQ4
20231206,2023-12-06,2023,4,2023-Q4,12,December,Dec-2023,49,3,Wednesday,6,0,0,FY2023,FQ4
20231207,2023-12-07,2023,4,2023-Q4,12,December,Dec-2023,49,4,Thursday,7,0,0,FY2023,FQ4
20231208,2023-12-08,2023,4,2023-Q4,12,December,Dec-2023,49,5,Friday,8,0,0,FY2023,FQ4
20231209,2023-12-09,2023,4,2023-Q4,12,December,Dec-2023,49,6,Saturday,9,1,0,FY2023,FQ4
20231210,2023-12-10,2023,4,2023-Q4,12,December,Dec-2023,49,7,Sunday,10,1,0,FY2023,FQ4
20231211,2023-12-11,2023,4,2023-Q4,12,December,Dec-2023,50,1,Monday,11,0,0,FY2023,FQ4
20231212,2023-12-12,2023,4,2023-Q4,12,December,Dec-2023,50,2,Tuesday,12,0,0,FY2023,FQ4
20231213,2023-12-13,2023,4,2023-Q4,12,December,Dec-2023,50,3,Wednesday,13,0,0,FY2023,FQ4
20231214,2023-12-14,2023,4,2023-Q4,12,December,Dec-2023,50,4,Thursday,14,0,0,FY2023,FQ4
20231215,2023-12-15,2023,4,2023-Q4,12,December,Dec-2023,50,5,Friday,15,0,0,FY2023,FQ4
20231216,2023-12-16,2023,4,2023-Q4,12,December,Dec-2023,50,6,Saturday,16,1,0,FY2023,FQ4
20231217,2023-12-17,2023,4,2023-Q4,12,December,Dec-2023,50,7,Sunday,17,1,0,FY2023,FQ4
20231218,2023-12-18,2023,4,2023-Q4,12,December,Dec-2023,51,1,Monday,18,0,0,FY2023,FQ4
20231219,2023-12-19,2023,4,2023-Q4,12,December,Dec-2023,51,2,Tuesday,19,0,0,FY2023,FQ4
20231220,2023-12-20,2023,4,2023-Q4,12,December,Dec-2023,51,3,Wednesday,20,0,0,FY2023,FQ4
20231221,2023-12-21,2023,4,2023-Q4,12,December,Dec-2023,51,4,Thursday,21,0,0,FY2023,FQ4
20231222,2023-12-22,2023,4,2023-Q4,12,December,Dec-2023,51,5,Friday,22,0,0,FY2023,FQ4
20231223,2023-12-23,2023,4,2023-Q4,12,December,Dec-2023,51,6,Saturday,23,1,0,FY2023,FQ4
20231224,2023-12-24,2023,4,2023-Q4,12,December,Dec-2023,51,7,Sunday,24,1,1,FY2023,FQ4
20231225,2023-12-25,2023,4,2023-Q4,12,December,Dec-2023,52,1,Monday,25,0,1,FY2023,FQ4
20231226,2023-12-26,2023,4,2023-Q4,12,December,Dec-2023,52,2,Tuesday,26,0,0,FY2023,FQ4
20231227,2023-12-27,2023,4,2023-Q4,12,December,Dec-2023,52,3,Wednesday,27,0,0,FY2023,FQ4
20231228,2023-12-28,2023,4,2023-Q4,12,December,Dec-2023,52,4,Thursday,28,0,0,FY2023,FQ4
20231229,2023-12-29,2023,4,2023-Q4,12,December,Dec-2023,52,5,Friday,29,0,0,FY2023,FQ4
20231230,2023-12-30,2023,4,2023-Q4,12,December,Dec-2023,52,6,Saturday,30,1,0,FY2023,FQ4
20231231,2023-12-31,2023,4,2023-Q4,12,December,Dec-2023,52,7,Sunday,31,1,1,FY2023,FQ4
20240101,2024-01-01,2024,1,2024-Q1,1,January,Jan-2024,1,1,Monday,1,0,1,FY2024,FQ1
20240102,2024-01-02,2024,1,2024-Q1,1,January,Jan-2024,1,2,Tuesday,2,0,0,FY2024,FQ1
20240103,2024-01-03,2024,1,2024-Q1,1,January,Jan-2024,1,3,Wednesday,3,0,0,FY2024,FQ1
20240104,2024-01-04,2024,1,2024-Q1,1,January,Jan-2024,1,4,Thursday,4,0,0,FY2024,FQ1
20240105,2024-01-05,2024,1,2024-Q1,1,January,Jan-2024,1,5,Friday,5,0,0,FY2024,FQ1
20240106,2024-01-06,2024,1,2024-Q1,1,January,Jan-2024,1,6,Saturday,6,1,0,FY2024,FQ1
20240107,2024-01-07,2024,1,2024-Q1,1,January,Jan-2024,1,7,Sunday,7,1,0,FY2024,FQ1
20240108,2024-01-08,2024,1,2024-Q1,1,January,Jan-2024,2,1,Monday,8,0,0,FY2024,FQ1
20240109,2024-01-09,2024,1,2024-Q1,1,January,Jan-2024,2,2,Tuesday,9,0,0,FY2024,FQ1
20240110,2024-01-10,2024,1,2024-Q1,1,January,Jan-2024,2,3,Wednesday,10,0,0,FY2024,FQ1
20240111,2024-01-11,2024,1,2024-Q1,1,January,Jan-2024,2,4,Thursday,11,0,0,FY2024,FQ1
20240112,2024-01-12,2024,1,2024-Q1,1,January,Jan-2024,2,5,Friday,12,0,0,FY2024,FQ1
20240113,2024-01-13,2024,1,2024-Q1,1,January,Jan-2024,2,6,Saturday,13,1,0,FY2024,FQ1
20240114,2024-01-14,2024,1,2024-Q1,1,January,Jan-2024,2,7,Sunday,14,1,0,FY2024,FQ1
20240115,2024-01-15,2024,1,2024-Q1,1,January,Jan-2024,3,1,Monday,15,0,0,FY2024,FQ1
20240116,2024-01-16,2024,1,2024-Q1,1,January,Jan-2024,3,2,Tuesday,16,0,0,FY2024,FQ1
20240117,2024-01-17,2024,1,2024-Q1,1,January,Jan-2024,3,3,Wednesday,17,0,0,FY2024,FQ1
20240118,2024-01-18,2024,1,2024-Q1,1,January,Jan-2024,3,4,Thursday,18,0,0,FY2024,FQ1
20240119,2024-01-19,2024,1,2024-Q1,1,January,Jan-2024,3,5,Friday,19,0,0,FY2024,FQ1
20240120,2024-01-20,2024,1,2024-Q1,1,January,Jan-2024,3,6,Saturday,20,1,0,FY2024,FQ1
20240121,2024-01-21,2024,1,2024-Q1,1,January,Jan-2024,3,7,Sunday,21,1,0,FY2024,FQ1
20240122,2024-01-22,2024,1,2024-Q1,1,January,Jan-2024,4,1,Monday,22,0,0,FY2024,FQ1
20240123,2024-01-23,2024,1,2024-Q1,1,January,Jan-2024,4,2,Tuesday,23,0,0,FY2024,FQ1
20240124,2024-01-24,2024,1,2024-Q1,1,January,Jan-2024,4,3,Wednesday,24,0,0,FY2024,FQ1
20240125,2024-01-25,2024,1,2024-Q1,1,January,Jan-2024,4,4,Thursday,25,0,0,FY2024,FQ1
20240126,2024-01-26,2024,1,2024-Q1,1,January,Jan-2024,4,5,Friday,26,0,0,FY2024,FQ1
20240127,2024-01-27,2024,1,2024-Q1,1,January,Jan-2024,4,6,Saturday,27,1,0,FY2024,FQ1
20240128,2024-01-28,2024,1,2024-Q1,1,January,Jan-2024,4,7,Sunday,28,1,0,FY2024,FQ1
20240129,2024-01-29,2024,1,2024-Q1,1,January,Jan-2024,5,1,Monday,29,0,0,FY2024,FQ1
20240130,2024-01-30,2024,1,2024-Q1,1,January,Jan-2024,5,2,Tuesday,30,0,0,FY2024,FQ1
20240131,2024-01-31,2024,1,2024-Q1,1,January,Jan-2024,5,3,Wednesday,31,0,0,FY2024,FQ1
20240201,2024-02-01,2024,1,2024-Q1,2,February,Feb-2024,5,4,Thursday,1,0,0,FY2024,FQ1
20240202,2024-02-02,2024,1,2024-Q1,2,February,Feb-2024,5,5,Friday,2,0,0,FY2024,FQ1
20240203,2024-02-03,2024,1,2024-Q1,2,February,Feb-2024,5,6,Saturday,3,1,0,FY2024,FQ1
20240204,2024-02-04,2024,1,2024-Q1,2,February,Feb-2024,5,7,Sunday,4,1,0,FY2024,FQ1
20240205,2024-02-05,2024,1,2024-Q1,2,February,Feb-2024,6,1,Monday,5,0,0,FY2024,FQ1
20240206,2024-02-06,2024,1,2024-Q1,2,February,Feb-2024,6,2,Tuesday,6,0,0,FY2024,FQ1
20240207,2024-02-07,2024,1,2024-Q1,2,February,Feb-2024,6,3,Wednesday,7,0,0,FY2024,FQ1
20240208,2024-02-08,2024,1,2024-Q1,2,February,Feb-2024,6,4,Thursday,8,0,0,FY2024,FQ1
20240209,2024-02-09,2024,1,2024-Q1,2,February,Feb-2024,6,5,Friday,9,0,0,FY2024,FQ1
20240210,2024-02-10,2024,1,2024-Q1,2,February,Feb-2024,6,6,Saturday,10,1,0,FY2024,FQ1
20240211,2024-02-11,2024,1,2024-Q1,2,February,Feb-2024,6,7,Sunday,11,1,0,FY2024,FQ1
20240212,2024-02-12,2024,1,2024-Q1,2,February,Feb-2024,7,1,Monday,12,0,0,FY2024,FQ1
20240213,2024-02-13,2024,1,2024-Q1,2,February,Feb-2024,7,2,Tuesday,13,0,0,FY2024,FQ1
20240214,2024-02-14,2024,1,2024-Q1,2,February,Feb-2024,7,3,Wednesday,14,0,0,FY2024,FQ1
20240215,2024-02-15,2024,1,2024-Q1,2,February,Feb-2024,7,4,Thursday,15,0,0,FY2024,FQ1
20240216,2024-02-16,2024,1,2024-Q1,2,February,Feb-2024,7,5,Friday,16,0,0,FY2024,FQ1
20240217,2024-02-17,2024,1,2024-Q1,2,February,Feb-2024,7,6,Saturday,17,1,0,FY2024,FQ1
20240218,2024-02-18,2024,1,2024-Q1,2,February,Feb-2024,7,7,Sunday,18,1,0,FY2024,FQ1
20240219,2024-02-19,2024,1,2024-Q1,2,February,Feb-2024,8,1,Monday,19,0,0,FY2024,FQ1
20240220,2024-02-20,2024,1,2024-Q1,2,February,Feb-2024,8,2,Tuesday,20,0,0,FY2024,FQ1
20240221,2024-02-21,2024,1,2024-Q1,2,February,Feb-2024,8,3,Wednesday,21,0,0,FY2024,FQ1
20240222,2024-02-22,2024,1,2024-Q1,2,February,Feb-2024,8,4,Thursday,22,0,0,FY2024,FQ1
20240223,2024-02-23,2024,1,2024-Q1,2,February,Feb-2024,8,5,Friday,23,0,0,FY2024,FQ1
20240224,2024-02-24,2024,1,2024-Q1,2,February,Feb-2024,8,6,Saturday,24,1,0,FY2024,FQ1
20240225,2024-02-25,2024,1,2024-Q1,2,February,Feb-2024,8,7,Sunday,25,1,0,FY2024,FQ1
20240226,2024-02-26,2024,1,2024-Q1,2,February,Feb-2024,9,1,Monday,26,0,0,FY2024,FQ1
20240227,2024-02-27,2024,1,2024-Q1,2,February,Feb-2024,9,2,Tuesday,27,0,0,FY2024,FQ1
20240228,2024-02-28,2024,1,2024-Q1,2,February,Feb-2024,9,3,Wednesday,28,0,0,FY2024,FQ1
20240229,2024-02-29,2024,1,2024-Q1,2,February,Feb-2024,9,4,Thursday,29,0,0,FY2024,FQ1
20240301,2024-03-01,2024,1,2024-Q1,3,March,Mar-2024,9,5,Friday,1,0,0,FY2024,FQ1
20240302,2024-03-02,2024,1,2024-Q1,3,March,Mar-2024,9,6,Saturday,2,1,0,FY2024,FQ1
20240303,2024-03-03,2024,1,2024-Q1,3,March,Mar-2024,9,7,Sunday,3,1,0,FY2024,FQ1
20240304,2024-03-04,2024,1,2024-Q1,3,March,Mar-2024,10,1,Monday,4,0,0,FY2024,FQ1
20240305,2024-03-05,2024,1,2024-Q1,3,March,Mar-2024,10,2,Tuesday,5,0,0,FY2024,FQ1
20240306,2024-03-06,2024,1,2024-Q1,3,March,Mar-2024,10,3,Wednesday,6,0,0,FY2024,FQ1
20240307,2024-03-07,2024,1,2024-Q1,3,March,Mar-2024,10,4,Thursday,7,0,0,FY2024,FQ1
20240308,2024-03-08,2024,1,2024-Q1,3,March,Mar-2024,10,5,Friday,8,0,0,FY2024,FQ1
20240309,2024-03-09,2024,1,2024-Q1,3,March,Mar-2024,10,6,Saturday,9,1,0,FY2024,FQ1
20240310,2024-03-10,2024,1,2024-Q1,3,March,Mar-2024,10,7,Sunday,10,1,0,FY2024,FQ1
20240311,2024-03-11,2024,1,2024-Q1,3,March,Mar-2024,11,1,Monday,11,0,0,FY2024,FQ1
20240312,2024-03-12,2024,1,2024-Q1,3,March,Mar-2024,11,2,Tuesday,12,0,0,FY2024,FQ1
20240313,2024-03-13,2024,1,2024-Q1,3,March,Mar-2024,11,3,Wednesday,13,0,0,FY2024,FQ1
20240314,2024-03-14,2024,1,2024-Q1,3,March,Mar-2024,11,4,Thursday,14,0,0,FY2024,FQ1
20240315,2024-03-15,2024,1,2024-Q1,3,March,Mar-2024,11,5,Friday,15,0,0,FY2024,FQ1
20240316,2024-03-16,2024,1,2024-Q1,3,March,Mar-2024,11,6,Saturday,16,1,0,FY2024,FQ1
20240317,2024-03-17,2024,1,2024-Q1,3,March,Mar-2024,11,7,Sunday,17,1,0,FY2024,FQ1
20240318,2024-03-18,2024,1,2024-Q1,3,March,Mar-2024,12,1,Monday,18,0,0,FY2024,FQ1
20240319,2024-03-19,2024,1,2024-Q1,3,March,Mar-2024,12,2,Tuesday,19,0,0,FY2024,FQ1
20240320,2024-03-20,2024,1,2024-Q1,3,March,Mar-2024,12,3,Wednesday,20,0,0,FY2024,FQ1
20240321,2024-03-21,2024,1,2024-Q1,3,March,Mar-2024,12,4,Thursday,21,0,0,FY2024,FQ1
20240322,2024-03-22,2024,1,2024-Q1,3,March,Mar-2024,12,5,Friday,22,0,0,FY2024,FQ1
20240323,2024-03-23,2024,1,2024-Q1,3,March,Mar-2024,12,6,Saturday,23,1,0,FY2024,FQ1
20240324,2024-03-24,2024,1,2024-Q1,3,March,Mar-2024,12,7,Sunday,24,1,0,FY2024,FQ1
20240325,2024-03-25,2024,1,2024-Q1,3,March,Mar-2024,13,1,Monday,25,0,0,FY2024,FQ1
20240326,2024-03-26,2024,1,2024-Q1,3,March,Mar-2024,13,2,Tuesday,26,0,0,FY2024,FQ1
20240327,2024-03-27,2024,1,2024-Q1,3,March,Mar-2024,13,3,Wednesday,27,0,0,FY2024,FQ1
20240328,2024-03-28,2024,1,2024-Q1,3,March,Mar-2024,13,4,Thursday,28,0,0,FY2024,FQ1
20240329,2024-03-29,2024,1,2024-Q1,3,March,Mar-2024,13,5,Friday,29,0,0,FY2024,FQ1
20240330,2024-03-30,2024,1,2024-Q1,3,March,Mar-2024,13,6,Saturday,30,1,0,FY2024,FQ1
20240331,2024-03-31,2024,1,2024-Q1,3,March,Mar-2024,13,7,Sunday,31,1,0,FY2024,FQ1
20240401,2024-04-01,2024,2,2024-Q2,4,April,Apr-2024,14,1,Monday,1,0,0,FY2024,FQ2
20240402,2024-04-02,2024,2,2024-Q2,4,April,Apr-2024,14,2,Tuesday,2,0,0,FY2024,FQ2
20240403,2024-04-03,2024,2,2024-Q2,4,April,Apr-2024,14,3,Wednesday,3,0,0,FY2024,FQ2
20240404,2024-04-04,2024,2,2024-Q2,4,April,Apr-2024,14,4,Thursday,4,0,0,FY2024,FQ2
20240405,2024-04-05,2024,2,2024-Q2,4,April,Apr-2024,14,5,Friday,5,0,0,FY2024,FQ2
20240406,2024-04-06,2024,2,2024-Q2,4,April,Apr-2024,14,6,Saturday,6,1,0,FY2024,FQ2
20240407,2024-04-07,2024,2,2024-Q2,4,April,Apr-2024,14,7,Sunday,7,1,0,FY2024,FQ2
20240408,2024-04-08,2024,2,2024-Q2,4,April,Apr-2024,15,1,Monday,8,0,0,FY2024,FQ2
20240409,2024-04-09,2024,2,2024-Q2,4,April,Apr-2024,15,2,Tuesday,9,0,0,FY2024,FQ2
20240410,2024-04-10,2024,2,2024-Q2,4,April,Apr-2024,15,3,Wednesday,10,0,0,FY2024,FQ2
20240411,2024-04-11,2024,2,2024-Q2,4,April,Apr-2024,15,4,Thursday,11,0,0,FY2024,FQ2
20240412,2024-04-12,2024,2,2024-Q2,4,April,Apr-2024,15,5,Friday,12,0,0,FY2024,FQ2
20240413,2024-04-13,2024,2,2024-Q2,4,April,Apr-2024,15,6,Saturday,13,1,0,FY2024,FQ2
20240414,2024-04-14,2024,2,2024-Q2,4,April,Apr-2024,15,7,Sunday,14,1,0,FY2024,FQ2
20240415,2024-04-15,2024,2,2024-Q2,4,April,Apr-2024,16,1,Monday,15,0,0,FY2024,FQ2
20240416,2024-04-16,2024,2,2024-Q2,4,April,Apr-2024,16,2,Tuesday,16,0,0,FY2024,FQ2
20240417,2024-04-17,2024,2,2024-Q2,4,April,Apr-2024,16,3,Wednesday,17,0,0,FY2024,FQ2
20240418,2024-04-18,2024,2,2024-Q2,4,April,Apr-2024,16,4,Thursday,18,0,0,FY2024,FQ2
20240419,2024-04-19,2024,2,2024-Q2,4,April,Apr-2024,16,5,Friday,19,0,0,FY2024,FQ2
20240420,2024-04-20,2024,2,2024-Q2,4,April,Apr-2024,16,6,Saturday,20,1,0,FY2024,FQ2
20240421,2024-04-21,2024,2,2024-Q2,4,April,Apr-2024,16,7,Sunday,21,1,0,FY2024,FQ2
20240422,2024-04-22,2024,2,2024-Q2,4,April,Apr-2024,17,1,Monday,22,0,0,FY2024,FQ2
20240423,2024-04-23,2024,2,2024-Q2,4,April,Apr-2024,17,2,Tuesday,23,0,0,FY2024,FQ2
20240424,2024-04-24,2024,2,2024-Q2,4,April,Apr-2024,17,3,Wednesday,24,0,0,FY2024,FQ2
20240425,2024-04-25,2024,2,2024-Q2,4,April,Apr-2024,17,4,Thursday,25,0,0,FY2024,FQ2
20240426,2024-04-26,2024,2,2024-Q2,4,April,Apr-2024,17,5,Friday,26,0,0,FY2024,FQ2
20240427,2024-04-27,2024,2,2024-Q2,4,April,Apr-2024,17,6,Saturday,27,1,0,FY2024,FQ2
20240428,2024-04-28,2024,2,2024-Q2,4,April,Apr-2024,17,7,Sunday,28,1,0,FY2024,FQ2
20240429,2024-04-29,2024,2,2024-Q2,4,April,Apr-2024,18,1,Monday,29,0,0,FY2024,FQ2
20240430,2024-04-30,2024,2,2024-Q2,4,April,Apr-2024,18,2,Tuesday,30,0,0,FY2024,FQ2
20240501,2024-05-01,2024,2,2024-Q2,5,May,May-2024,18,3,Wednesday,1,0,0,FY2024,FQ2
20240502,2024-05-02,2024,2,2024-Q2,5,May,May-2024,18,4,Thursday,2,0,0,FY2024,FQ2
20240503,2024-05-03,2024,2,2024-Q2,5,May,May-2024,18,5,Friday,3,0,0,FY2024,FQ2
20240504,2024-05-04,2024,2,2024-Q2,5,May,May-2024,18,6,Saturday,4,1,0,FY2024,FQ2
20240505,2024-05-05,2024,2,2024-Q2,5,May,May-2024,18,7,Sunday,5,1,0,FY2024,FQ2
20240506,2024-05-06,2024,2,2024-Q2,5,May,May-2024,19,1,Monday,6,0,0,FY2024,FQ2
20240507,2024-05-07,2024,2,2024-Q2,5,May,May-2024,19,2,Tuesday,7,0,0,FY2024,FQ2
20240508,2024-05-08,2024,2,2024-Q2,5,May,May-2024,19,3,Wednesday,8,0,0,FY2024,FQ2
20240509,2024-05-09,2024,2,2024-Q2,5,May,May-2024,19,4,Thursday,9,0,0,FY2024,FQ2
20240510,2024-05-10,2024,2,2024-Q2,5,May,May-2024,19,5,Friday,10,0,0,FY2024,FQ2
20240511,2024-05-11,2024,2,2024-Q2,5,May,May-2024,19,6,Saturday,11,1,0,FY2024,FQ2
20240512,2024-05-12,2024,2,2024-Q2,5,May,May-2024,19,7,Sunday,12,1,0,FY2024,FQ2
20240513,2024-05-13,2024,2,2024-Q2,5,May,May-2024,20,1,Monday,13,0,0,FY2024,FQ2
20240514,2024-05-14,2024,2,2024-Q2,5,May,May-2024,20,2,Tuesday,14,0,0,FY2024,FQ2
20240515,2024-05-15,2024,2,2024-Q2,5,May,May-2024,20,3,Wednesday,15,0,0,FY2024,FQ2
20240516,2024-05-16,2024,2,2024-Q2,5,May,May-2024,20,4,Thursday,16,0,0,FY2024,FQ2
20240517,2024-05-17,2024,2,2024-Q2,5,May,May-2024,20,5,Friday,17,0,0,FY2024,FQ2
20240518,2024-05-18,2024,2,2024-Q2,5,May,May-2024,20,6,Saturday,18,1,0,FY2024,FQ2
20240519,2024-05-19,2024,2,2024-Q2,5,May,May-2024,20,7,Sunday,19,1,0,FY2024,FQ2
20240520,2024-05-20,2024,2,2024-Q2,5,May,May-2024,21,1,Monday,20,0,0,FY2024,FQ2
20240521,2024-05-21,2024,2,2024-Q2,5,May,May-2024,21,2,Tuesday,21,0,0,FY2024,FQ2
20240522,2024-05-22,2024,2,2024-Q2,5,May,May-2024,21,3,Wednesday,22,0,0,FY2024,FQ2
20240523,2024-05-23,2024,2,2024-Q2,5,May,May-2024,21,4,Thursday,23,0,0,FY2024,FQ2
20240524,2024-05-24,2024,2,2024-Q2,5,May,May-2024,21,5,Friday,24,0,0,FY2024,FQ2
20240525,2024-05-25,2024,2,2024-Q2,5,May,May-2024,21,6,Saturday,25,1,0,FY2024,FQ2
20240526,2024-05-26,2024,2,2024-Q2,5,May,May-2024,21,7,Sunday,26,1,0,FY2024,FQ2
20240527,2024-05-27,2024,2,2024-Q2,5,May,May-2024,22,1,Monday,27,0,1,FY2024,FQ2
20240528,2024-05-28,2024,2,2024-Q2,5,May,May-2024,22,2,Tuesday,28,0,0,FY2024,FQ2
20240529,2024-05-29,2024,2,2024-Q2,5,May,May-2024,22,3,Wednesday,29,0,0,FY2024,FQ2
20240530,2024-05-30,2024,2,2024-Q2,5,May,May-2024,22,4,Thursday,30,0,0,FY2024,FQ2
20240531,2024-05-31,2024,2,2024-Q2,5,May,May-2024,22,5,Friday,31,0,0,FY2024,FQ2
20240601,2024-06-01,2024,2,2024-Q2,6,June,Jun-2024,22,6,Saturday,1,1,0,FY2024,FQ2
20240602,2024-06-02,2024,2,2024-Q2,6,June,Jun-2024,22,7,Sunday,2,1,0,FY2024,FQ2
20240603,2024-06-03,2024,2,2024-Q2,6,June,Jun-2024,23,1,Monday,3,0,0,FY2024,FQ2
20240604,2024-06-04,2024,2,2024-Q2,6,June,Jun-2024,23,2,Tuesday,4,0,0,FY2024,FQ2
20240605,2024-06-05,2024,2,2024-Q2,6,June,Jun-2024,23,3,Wednesday,5,0,0,FY2024,FQ2
20240606,2024-06-06,2024,2,2024-Q2,6,June,Jun-2024,23,4,Thursday,6,0,0,FY2024,FQ2
20240607,2024-06-07,2024,2,2024-Q2,6,June,Jun-2024,23,5,Friday,7,0,0,FY2024,FQ2
20240608,2024-06-08,2024,2,2024-Q2,6,June,Jun-2024,23,6,Saturday,8,1,0,FY2024,FQ2
20240609,2024-06-09,2024,2,2024-Q2,6,June,Jun-2024,23,7,Sunday,9,1,0,FY2024,FQ2
20240610,2024-06-10,2024,2,2024-Q2,6,June,Jun-2024,24,1,Monday,10,0,0,FY2024,FQ2
20240611,2024-06-11,2024,2,2024-Q2,6,June,Jun-2024,24,2,Tuesday,11,0,0,FY2024,FQ2
20240612,2024-06-12,2024,2,2024-Q2,6,June,Jun-2024,24,3,Wednesday,12,0,0,FY2024,FQ2
20240613,2024-06-13,2024,2,2024-Q2,6,June,Jun-2024,24,4,Thursday,13,0,0,FY2024,FQ2
20240614,2024-06-14,2024,2,2024-Q2,6,June,Jun-2024,24,5,Friday,14,0,0,FY2024,FQ2
20240615,2024-06-15,2024,2,2024-Q2,6,June,Jun-2024,24,6,Saturday,15,1,0,FY2024,FQ2
20240616,2024-06-16,2024,2,2024-Q2,6,June,Jun-2024,24,7,Sunday,16,1,0,FY2024,FQ2
20240617,2024-06-17,2024,2,2024-Q2,6,June,Jun-2024,25,1,Monday,17,0,0,FY2024,FQ2
20240618,2024-06-18,2024,2,2024-Q2,6,June,Jun-2024,25,2,Tuesday,18,0,0,FY2024,FQ2
20240619,2024-06-19,2024,2,2024-Q2,6,June,Jun-2024,25,3,Wednesday,19,0,0,FY2024,FQ2
20240620,2024-06-20,2024,2,2024-Q2,6,June,Jun-2024,25,4,Thursday,20,0,0,FY2024,FQ2
20240621,2024-06-21,2024,2,2024-Q2,6,June,Jun-2024,25,5,Friday,21,0,0,FY2024,FQ2
20240622,2024-06-22,2024,2,2024-Q2,6,June,Jun-2024,25,6,Saturday,22,1,0,FY2024,FQ2
20240623,2024-06-23,2024,2,2024-Q2,6,June,Jun-2024,25,7,Sunday,23,1,0,FY2024,FQ2
20240624,2024-06-24,2024,2,2024-Q2,6,June,Jun-2024,26,1,Monday,24,0,0,FY2024,FQ2
20240625,2024-06-25,2024,2,2024-Q2,6,June,Jun-2024,26,2,Tuesday,25,0,0,FY2024,FQ2
20240626,2024-06-26,2024,2,2024-Q2,6,June,Jun-2024,26,3,Wednesday,26,0,0,FY2024,FQ2
20240627,2024-06-27,2024,2,2024-Q2,6,June,Jun-2024,26,4,Thursday,27,0,0,FY2024,FQ2
20240628,2024-06-28,2024,2,2024-Q2,6,June,Jun-2024,26,5,Friday,28,0,0,FY2024,FQ2
20240629,2024-06-29,2024,2,2024-Q2,6,June,Jun-2024,26,6,Saturday,29,1,0,FY2024,FQ2
20240630,2024-06-30,2024,2,2024-Q2,6,June,Jun-2024,26,7,Sunday,30,1,0,FY2024,FQ2
20240701,2024-07-01,2024,3,2024-Q3,7,July,Jul-2024,27,1,Monday,1,0,0,FY2024,FQ3
20240702,2024-07-02,2024,3,2024-Q3,7,July,Jul-2024,27,2,Tuesday,2,0,0,FY2024,FQ3
20240703,2024-07-03,2024,3,2024-Q3,7,July,Jul-2024,27,3,Wednesday,3,0,0,FY2024,FQ3
20240704,2024-07-04,2024,3,2024-Q3,7,July,Jul-2024,27,4,Thursday,4,0,1,FY2024,FQ3
20240705,2024-07-05,2024,3,2024-Q3,7,July,Jul-2024,27,5,Friday,5,0,0,FY2024,FQ3
20240706,2024-07-06,2024,3,2024-Q3,7,July,Jul-2024,27,6,Saturday,6,1,0,FY2024,FQ3
20240707,2024-07-07,2024,3,2024-Q3,7,July,Jul-2024,27,7,Sunday,7,1,0,FY2024,FQ3
20240708,2024-07-08,2024,3,2024-Q3,7,July,Jul-2024,28,1,Monday,8,0,0,FY2024,FQ3
20240709,2024-07-09,2024,3,2024-Q3,7,July,Jul-2024,28,2,Tuesday,9,0,0,FY2024,FQ3
20240710,2024-07-10,2024,3,2024-Q3,7,July,Jul-2024,28,3,Wednesday,10,0,0,FY2024,FQ3
20240711,2024-07-11,2024,3,2024-Q3,7,July,Jul-2024,28,4,Thursday,11,0,0,FY2024,FQ3
20240712,2024-07-12,2024,3,2024-Q3,7,July,Jul-2024,28,5,Friday,12,0,0,FY2024,FQ3
20240713,2024-07-13,2024,3,2024-Q3,7,July,Jul-2024,28,6,Saturday,13,1,0,FY2024,FQ3
20240714,2024-07-14,2024,3,2024-Q3,7,July,Jul-2024,28,7,Sunday,14,1,0,FY2024,FQ3
20240715,2024-07-15,2024,3,2024-Q3,7,July,Jul-2024,29,1,Monday,15,0,0,FY2024,FQ3
20240716,2024-07-16,2024,3,2024-Q3,7,July,Jul-2024,29,2,Tuesday,16,0,0,FY2024,FQ3
20240717,2024-07-17,2024,3,2024-Q3,7,July,Jul-2024,29,3,Wednesday,17,0,0,FY2024,FQ3
20240718,2024-07-18,2024,3,2024-Q3,7,July,Jul-2024,29,4,Thursday,18,0,0,FY2024,FQ3
20240719,2024-07-19,2024,3,2024-Q3,7,July,Jul-2024,29,5,Friday,19,0,0,FY2024,FQ3
20240720,2024-07-20,2024,3,2024-Q3,7,July,Jul-2024,29,6,Saturday,20,1,0,FY2024,FQ3
20240721,2024-07-21,2024,3,2024-Q3,7,July,Jul-2024,29,7,Sunday,21,1,0,FY2024,FQ3
20240722,2024-07-22,2024,3,2024-Q3,7,July,Jul-2024,30,1,Monday,22,0,0,FY2024,FQ3
20240723,2024-07-23,2024,3,2024-Q3,7,July,Jul-2024,30,2,Tuesday,23,0,0,FY2024,FQ3
20240724,2024-07-24,2024,3,2024-Q3,7,July,Jul-2024,30,3,Wednesday,24,0,0,FY2024,FQ3
20240725,2024-07-25,2024,3,2024-Q3,7,July,Jul-2024,30,4,Thursday,25,0,0,FY2024,FQ3
20240726,2024-07-26,2024,3,2024-Q3,7,July,Jul-2024,30,5,Friday,26,0,0,FY2024,FQ3
20240727,2024-07-27,2024,3,2024-Q3,7,July,Jul-2024,30,6,Saturday,27,1,0,FY2024,FQ3
20240728,2024-07-28,2024,3,2024-Q3,7,July,Jul-2024,30,7,Sunday,28,1,0,FY2024,FQ3
20240729,2024-07-29,2024,3,2024-Q3,7,July,Jul-2024,31,1,Monday,29,0,0,FY2024,FQ3
20240730,2024-07-30,2024,3,2024-Q3,7,July,Jul-2024,31,2,Tuesday,30,0,0,FY2024,FQ3
20240731,2024-07-31,2024,3,2024-Q3,7,July,Jul-2024,31,3,Wednesday,31,0,0,FY2024,FQ3
20240801,2024-08-01,2024,3,2024-Q3,8,August,Aug-2024,31,4,Thursday,1,0,0,FY2024,FQ3
20240802,2024-08-02,2024,3,2024-Q3,8,August,Aug-2024,31,5,Friday,2,0,0,FY2024,FQ3
20240803,2024-08-03,2024,3,2024-Q3,8,August,Aug-2024,31,6,Saturday,3,1,0,FY2024,FQ3
20240804,2024-08-04,2024,3,2024-Q3,8,August,Aug-2024,31,7,Sunday,4,1,0,FY2024,FQ3
20240805,2024-08-05,2024,3,2024-Q3,8,August,Aug-2024,32,1,Monday,5,0,0,FY2024,FQ3
20240806,2024-08-06,2024,3,2024-Q3,8,August,Aug-2024,32,2,Tuesday,6,0,0,FY2024,FQ3
20240807,2024-08-07,2024,3,2024-Q3,8,August,Aug-2024,32,3,Wednesday,7,0,0,FY2024,FQ3
20240808,2024-08-08,2024,3,2024-Q3,8,August,Aug-2024,32,4,Thursday,8,0,0,FY2024,FQ3
20240809,2024-08-09,2024,3,2024-Q3,8,August,Aug-2024,32,5,Friday,9,0,0,FY2024,FQ3
20240810,2024-08-10,2024,3,2024-Q3,8,August,Aug-2024,32,6,Saturday,10,1,0,FY2024,FQ3
20240811,2024-08-11,2024,3,2024-Q3,8,August,Aug-2024,32,7,Sunday,11,1,0,FY2024,FQ3
20240812,2024-08-12,2024,3,2024-Q3,8,August,Aug-2024,33,1,Monday,12,0,0,FY2024,FQ3
20240813,2024-08-13,2024,3,2024-Q3,8,August,Aug-2024,33,2,Tuesday,13,0,0,FY2024,FQ3
20240814,2024-08-14,2024,3,2024-Q3,8,August,Aug-2024,33,3,Wednesday,14,0,0,FY2024,FQ3
20240815,2024-08-15,2024,3,2024-Q3,8,August,Aug-2024,33,4,Thursday,15,0,0,FY2024,FQ3
20240816,2024-08-16,2024,3,2024-Q3,8,August,Aug-2024,33,5,Friday,16,0,0,FY2024,FQ3
20240817,2024-08-17,2024,3,2024-Q3,8,August,Aug-2024,33,6,Saturday,17,1,0,FY2024,FQ3
20240818,2024-08-18,2024,3,2024-Q3,8,August,Aug-2024,33,7,Sunday,18,1,0,FY2024,FQ3
20240819,2024-08-19,2024,3,2024-Q3,8,August,Aug-2024,34,1,Monday,19,0,0,FY2024,FQ3
20240820,2024-08-20,2024,3,2024-Q3,8,August,Aug-2024,34,2,Tuesday,20,0,0,FY2024,FQ3
20240821,2024-08-21,2024,3,2024-Q3,8,August,Aug-2024,34,3,Wednesday,21,0,0,FY2024,FQ3
20240822,2024-08-22,2024,3,2024-Q3,8,August,Aug-2024,34,4,Thursday,22,0,0,FY2024,FQ3
20240823,2024-08-23,2024,3,2024-Q3,8,August,Aug-2024,34,5,Friday,23,0,0,FY2024,FQ3
20240824,2024-08-24,2024,3,2024-Q3,8,August,Aug-2024,34,6,Saturday,24,1,0,FY2024,FQ3
20240825,2024-08-25,2024,3,2024-Q3,8,August,Aug-2024,34,7,Sunday,25,1,0,FY2024,FQ3
20240826,2024-08-26,2024,3,2024-Q3,8,August,Aug-2024,35,1,Monday,26,0,0,FY2024,FQ3
20240827,2024-08-27,2024,3,2024-Q3,8,August,Aug-2024,35,2,Tuesday,27,0,0,FY2024,FQ3
20240828,2024-08-28,2024,3,2024-Q3,8,August,Aug-2024,35,3,Wednesday,28,0,0,FY2024,FQ3
20240829,2024-08-29,2024,3,2024-Q3,8,August,Aug-2024,35,4,Thursday,29,0,0,FY2024,FQ3
20240830,2024-08-30,2024,3,2024-Q3,8,August,Aug-2024,35,5,Friday,30,0,0,FY2024,FQ3
20240831,2024-08-31,2024,3,2024-Q3,8,August,Aug-2024,35,6,Saturday,31,1,0,FY2024,FQ3
20240901,2024-09-01,2024,3,2024-Q3,9,September,Sep-2024,35,7,Sunday,1,1,0,FY2024,FQ3
20240902,2024-09-02,2024,3,2024-Q3,9,September,Sep-2024,36,1,Monday,2,0,1,FY2024,FQ3
20240903,2024-09-03,2024,3,2024-Q3,9,September,Sep-2024,36,2,Tuesday,3,0,0,FY2024,FQ3
20240904,2024-09-04,2024,3,2024-Q3,9,September,Sep-2024,36,3,Wednesday,4,0,0,FY2024,FQ3
20240905,2024-09-05,2024,3,2024-Q3,9,September,Sep-2024,36,4,Thursday,5,0,0,FY2024,FQ3
20240906,2024-09-06,2024,3,2024-Q3,9,September,Sep-2024,36,5,Friday,6,0,0,FY2024,FQ3
20240907,2024-09-07,2024,3,2024-Q3,9,September,Sep-2024,36,6,Saturday,7,1,0,FY2024,FQ3
20240908,2024-09-08,2024,3,2024-Q3,9,September,Sep-2024,36,7,Sunday,8,1,0,FY2024,FQ3
20240909,2024-09-09,2024,3,2024-Q3,9,September,Sep-2024,37,1,Monday,9,0,0,FY2024,FQ3
20240910,2024-09-10,2024,3,2024-Q3,9,September,Sep-2024,37,2,Tuesday,10,0,0,FY2024,FQ3
20240911,2024-09-11,2024,3,2024-Q3,9,September,Sep-2024,37,3,Wednesday,11,0,0,FY2024,FQ3
20240912,2024-09-12,2024,3,2024-Q3,9,September,Sep-2024,37,4,Thursday,12,0,0,FY2024,FQ3
20240913,2024-09-13,2024,3,2024-Q3,9,September,Sep-2024,37,5,Friday,13,0,0,FY2024,FQ3
20240914,2024-09-14,2024,3,2024-Q3,9,September,Sep-2024,37,6,Saturday,14,1,0,FY2024,FQ3
20240915,2024-09-15,2024,3,2024-Q3,9,September,Sep-2024,37,7,Sunday,15,1,0,FY2024,FQ3
20240916,2024-09-16,2024,3,2024-Q3,9,September,Sep-2024,38,1,Monday,16,0,0,FY2024,FQ3
20240917,2024-09-17,2024,3,2024-Q3,9,September,Sep-2024,38,2,Tuesday,17,0,0,FY2024,FQ3
20240918,2024-09-18,2024,3,2024-Q3,9,September,Sep-2024,38,3,Wednesday,18,0,0,FY2024,FQ3
20240919,2024-09-19,2024,3,2024-Q3,9,September,Sep-2024,38,4,Thursday,19,0,0,FY2024,FQ3
20240920,2024-09-20,2024,3,2024-Q3,9,September,Sep-2024,38,5,Friday,20,0,0,FY2024,FQ3
20240921,2024-09-21,2024,3,2024-Q3,9,September,Sep-2024,38,6,Saturday,21,1,0,FY2024,FQ3
20240922,2024-09-22,2024,3,2024-Q3,9,September,Sep-2024,38,7,Sunday,22,1,0,FY2024,FQ3
20240923,2024-09-23,2024,3,2024-Q3,9,September,Sep-2024,39,1,Monday,23,0,0,FY2024,FQ3
20240924,2024-09-24,2024,3,2024-Q3,9,September,Sep-2024,39,2,Tuesday,24,0,0,FY2024,FQ3
20240925,2024-09-25,2024,3,2024-Q3,9,September,Sep-2024,39,3,Wednesday,25,0,0,FY2024,FQ3
20240926,2024-09-26,2024,3,2024-Q3,9,September,Sep-2024,39,4,Thursday,26,0,0,FY2024,FQ3
20240927,2024-09-27,2024,3,2024-Q3,9,September,Sep-2024,39,5,Friday,27,0,0,FY2024,FQ3
20240928,2024-09-28,2024,3,2024-Q3,9,September,Sep-2024,39,6,Saturday,28,1,0,FY2024,FQ3
20240929,2024-09-29,2024,3,2024-Q3,9,September,Sep-2024,39,7,Sunday,29,1,0,FY2024,FQ3
20240930,2024-09-30,2024,3,2024-Q3,9,September,Sep-2024,40,1,Monday,30,0,0,FY2024,FQ3
20241001,2024-10-01,2024,4,2024-Q4,10,October,Oct-2024,40,2,Tuesday,1,0,0,FY2024,FQ4
20241002,2024-10-02,2024,4,2024-Q4,10,October,Oct-2024,40,3,Wednesday,2,0,0,FY2024,FQ4
20241003,2024-10-03,2024,4,2024-Q4,10,October,Oct-2024,40,4,Thursday,3,0,0,FY2024,FQ4
20241004,2024-10-04,2024,4,2024-Q4,10,October,Oct-2024,40,5,Friday,4,0,0,FY2024,FQ4
20241005,2024-10-05,2024,4,2024-Q4,10,October,Oct-2024,40,6,Saturday,5,1,0,FY2024,FQ4
20241006,2024-10-06,2024,4,2024-Q4,10,October,Oct-2024,40,7,Sunday,6,1,0,FY2024,FQ4
20241007,2024-10-07,2024,4,2024-Q4,10,October,Oct-2024,41,1,Monday,7,0,0,FY2024,FQ4
20241008,2024-10-08,2024,4,2024-Q4,10,October,Oct-2024,41,2,Tuesday,8,0,0,FY2024,FQ4
20241009,2024-10-09,2024,4,2024-Q4,10,October,Oct-2024,41,3,Wednesday,9,0,0,FY2024,FQ4
20241010,2024-10-10,2024,4,2024-Q4,10,October,Oct-2024,41,4,Thursday,10,0,0,FY2024,FQ4
20241011,2024-10-11,2024,4,2024-Q4,10,October,Oct-2024,41,5,Friday,11,0,0,FY2024,FQ4
20241012,2024-10-12,2024,4,2024-Q4,10,October,Oct-2024,41,6,Saturday,12,1,0,FY2024,FQ4
20241013,2024-10-13,2024,4,2024-Q4,10,October,Oct-2024,41,7,Sunday,13,1,0,FY2024,FQ4
20241014,2024-10-14,2024,4,2024-Q4,10,October,Oct-2024,42,1,Monday,14,0,0,FY2024,FQ4
20241015,2024-10-15,2024,4,2024-Q4,10,October,Oct-2024,42,2,Tuesday,15,0,0,FY2024,FQ4
20241016,2024-10-16,2024,4,2024-Q4,10,October,Oct-2024,42,3,Wednesday,16,0,0,FY2024,FQ4
20241017,2024-10-17,2024,4,2024-Q4,10,October,Oct-2024,42,4,Thursday,17,0,0,FY2024,FQ4
20241018,2024-10-18,2024,4,2024-Q4,10,October,Oct-2024,42,5,Friday,18,0,0,FY2024,FQ4
20241019,2024-10-19,2024,4,2024-Q4,10,October,Oct-2024,42,6,Saturday,19,1,0,FY2024,FQ4
20241020,2024-10-20,2024,4,2024-Q4,10,October,Oct-2024,42,7,Sunday,20,1,0,FY2024,FQ4
20241021,2024-10-21,2024,4,2024-Q4,10,October,Oct-2024,43,1,Monday,21,0,0,FY2024,FQ4
20241022,2024-10-22,2024,4,2024-Q4,10,October,Oct-2024,43,2,Tuesday,22,0,0,FY2024,FQ4
20241023,2024-10-23,2024,4,2024-Q4,10,October,Oct-2024,43,3,Wednesday,23,0,0,FY2024,FQ4
20241024,2024-10-24,2024,4,2024-Q4,10,October,Oct-2024,43,4,Thursday,24,0,0,FY2024,FQ4
20241025,2024-10-25,2024,4,2024-Q4,10,October,Oct-2024,43,5,Friday,25,0,0,FY2024,FQ4
20241026,2024-10-26,2024,4,2024-Q4,10,October,Oct-2024,43,6,Saturday,26,1,0,FY2024,FQ4
20241027,2024-10-27,2024,4,2024-Q4,10,October,Oct-2024,43,7,Sunday,27,1,0,FY2024,FQ4
20241028,2024-10-28,2024,4,2024-Q4,10,October,Oct-2024,44,1,Monday,28,0,0,FY2024,FQ4
20241029,2024-10-29,2024,4,2024-Q4,10,October,Oct-2024,44,2,Tuesday,29,0,0,FY2024,FQ4
20241030,2024-10-30,2024,4,2024-Q4,10,October,Oct-2024,44,3,Wednesday,30,0,0,FY2024,FQ4
20241031,2024-10-31,2024,4,2024-Q4,10,October,Oct-2024,44,4,Thursday,31,0,0,FY2024,FQ4
20241101,2024-11-01,2024,4,2024-Q4,11,November,Nov-2024,44,5,Friday,1,0,0,FY2024,FQ4
20241102,2024-11-02,2024,4,2024-Q4,11,November,Nov-2024,44,6,Saturday,2,1,0,FY2024,FQ4
20241103,2024-11-03,2024,4,2024-Q4,11,November,Nov-2024,44,7,Sunday,3,1,0,FY2024,FQ4
20241104,2024-11-04,2024,4,2024-Q4,11,November,Nov-2024,45,1,Monday,4,0,0,FY2024,FQ4
20241105,2024-11-05,2024,4,2024-Q4,11,November,Nov-2024,45,2,Tuesday,5,0,0,FY2024,FQ4
20241106,2024-11-06,2024,4,2024-Q4,11,November,Nov-2024,45,3,Wednesday,6,0,0,FY2024,FQ4
20241107,2024-11-07,2024,4,2024-Q4,11,November,Nov-2024,45,4,Thursday,7,0,0,FY2024,FQ4
20241108,2024-11-08,2024,4,2024-Q4,11,November,Nov-2024,45,5,Friday,8,0,0,FY2024,FQ4
20241109,2024-11-09,2024,4,2024-Q4,11,November,Nov-2024,45,6,Saturday,9,1,0,FY2024,FQ4
20241110,2024-11-10,2024,4,2024-Q4,11,November,Nov-2024,45,7,Sunday,10,1,0,FY2024,FQ4
20241111,2024-11-11,2024,4,2024-Q4,11,November,Nov-2024,46,1,Monday,11,0,1,FY2024,FQ4
20241112,2024-11-12,2024,4,2024-Q4,11,November,Nov-2024,46,2,Tuesday,12,0,0,FY2024,FQ4
20241113,2024-11-13,2024,4,2024-Q4,11,November,Nov-2024,46,3,Wednesday,13,0,0,FY2024,FQ4
20241114,2024-11-14,2024,4,2024-Q4,11,November,Nov-2024,46,4,Thursday,14,0,0,FY2024,FQ4
20241115,2024-11-15,2024,4,2024-Q4,11,November,Nov-2024,46,5,Friday,15,0,0,FY2024,FQ4
20241116,2024-11-16,2024,4,2024-Q4,11,November,Nov-2024,46,6,Saturday,16,1,0,FY2024,FQ4
20241117,2024-11-17,2024,4,2024-Q4,11,November,Nov-2024,46,7,Sunday,17,1,0,FY2024,FQ4
20241118,2024-11-18,2024,4,2024-Q4,11,November,Nov-2024,47,1,Monday,18,0,0,FY2024,FQ4
20241119,2024-11-19,2024,4,2024-Q4,11,November,Nov-2024,47,2,Tuesday,19,0,0,FY2024,FQ4
20241120,2024-11-20,2024,4,2024-Q4,11,November,Nov-2024,47,3,Wednesday,20,0,0,FY2024,FQ4
20241121,2024-11-21,2024,4,2024-Q4,11,November,Nov-2024,47,4,Thursday,21,0,0,FY2024,FQ4
20241122,2024-11-22,2024,4,2024-Q4,11,November,Nov-2024,47,5,Friday,22,0,0,FY2024,FQ4
20241123,2024-11-23,2024,4,2024-Q4,11,November,Nov-2024,47,6,Saturday,23,1,0,FY2024,FQ4
20241124,2024-11-24,2024,4,2024-Q4,11,November,Nov-2024,47,7,Sunday,24,1,0,FY2024,FQ4
20241125,2024-11-25,2024,4,2024-Q4,11,November,Nov-2024,48,1,Monday,25,0,0,FY2024,FQ4
20241126,2024-11-26,2024,4,2024-Q4,11,November,Nov-2024,48,2,Tuesday,26,0,0,FY2024,FQ4
20241127,2024-11-27,2024,4,2024-Q4,11,November,Nov-2024,48,3,Wednesday,27,0,0,FY2024,FQ4
20241128,2024-11-28,2024,4,2024-Q4,11,November,Nov-2024,48,4,Thursday,28,0,1,FY2024,FQ4
20241129,2024-11-29,2024,4,2024-Q4,11,November,Nov-2024,48,5,Friday,29,0,1,FY2024,FQ4
20241130,2024-11-30,2024,4,2024-Q4,11,November,Nov-2024,48,6,Saturday,30,1,0,FY2024,FQ4
20241201,2024-12-01,2024,4,2024-Q4,12,December,Dec-2024,48,7,Sunday,1,1,0,FY2024,FQ4
20241202,2024-12-02,2024,4,2024-Q4,12,December,Dec-2024,49,1,Monday,2,0,0,FY2024,FQ4
20241203,2024-12-03,2024,4,2024-Q4,12,December,Dec-2024,49,2,Tuesday,3,0,0,FY2024,FQ4
20241204,2024-12-04,2024,4,2024-Q4,12,December,Dec-2024,49,3,Wednesday,4,0,0,FY2024,FQ4
20241205,2024-12-05,2024,4,2024-Q4,12,December,Dec-2024,49,4,Thursday,5,0,0,FY2024,FQ4
20241206,2024-12-06,2024,4,2024-Q4,12,December,Dec-2024,49,5,Friday,6,0,0,FY2024,FQ4
20241207,2024-12-07,2024,4,2024-Q4,12,December,Dec-2024,49,6,Saturday,7,1,0,FY2024,FQ4
20241208,2024-12-08,2024,4,2024-Q4,12,December,Dec-2024,49,7,Sunday,8,1,0,FY2024,FQ4
20241209,2024-12-09,2024,4,2024-Q4,12,December,Dec-2024,50,1,Monday,9,0,0,FY2024,FQ4
20241210,2024-12-10,2024,4,2024-Q4,12,December,Dec-2024,50,2,Tuesday,10,0,0,FY2024,FQ4
20241211,2024-12-11,2024,4,2024-Q4,12,December,Dec-2024,50,3,Wednesday,11,0,0,FY2024,FQ4
20241212,2024-12-12,2024,4,2024-Q4,12,December,Dec-2024,50,4,Thursday,12,0,0,FY2024,FQ4
20241213,2024-12-13,2024,4,2024-Q4,12,December,Dec-2024,50,5,Friday,13,0,0,FY2024,FQ4
20241214,2024-12-14,2024,4,2024-Q4,12,December,Dec-2024,50,6,Saturday,14,1,0,FY2024,FQ4
20241215,2024-12-15,2024,4,2024-Q4,12,December,Dec-2024,50,7,Sunday,15,1,0,FY2024,FQ4
20241216,2024-12-16,2024,4,2024-Q4,12,December,Dec-2024,51,1,Monday,16,0,0,FY2024,FQ4
20241217,2024-12-17,2024,4,2024-Q4,12,December,Dec-2024,51,2,Tuesday,17,0,0,FY2024,FQ4
20241218,2024-12-18,2024,4,2024-Q4,12,December,Dec-2024,51,3,Wednesday,18,0,0,FY2024,FQ4
20241219,2024-12-19,2024,4,2024-Q4,12,December,Dec-2024,51,4,Thursday,19,0,0,FY2024,FQ4
20241220,2024-12-20,2024,4,2024-Q4,12,December,Dec-2024,51,5,Friday,20,0,0,FY2024,FQ4
20241221,2024-12-21,2024,4,2024-Q4,12,December,Dec-2024,51,6,Saturday,21,1,0,FY2024,FQ4
20241222,2024-12-22,2024,4,2024-Q4,12,December,Dec-2024,51,7,Sunday,22,1,0,FY2024,FQ4
20241223,2024-12-23,2024,4,2024-Q4,12,December,Dec-2024,52,1,Monday,23,0,0,FY2024,FQ4
20241224,2024-12-24,2024,4,2024-Q4,12,December,Dec-2024,52,2,Tuesday,24,0,1,FY2024,FQ4
20241225,2024-12-25,2024,4,2024-Q4,12,December,Dec-2024,52,3,Wednesday,25,0,1,FY2024,FQ4
20241226,2024-12-26,2024,4,2024-Q4,12,December,Dec-2024,52,4,Thursday,26,0,0,FY2024,FQ4
20241227,2024-12-27,2024,4,2024-Q4,12,December,Dec-2024,52,5,Friday,27,0,0,FY2024,FQ4
20241228,2024-12-28,2024,4,2024-Q4,12,December,Dec-2024,52,6,Saturday,28,1,0,FY2024,FQ4
20241229,2024-12-29,2024,4,2024-Q4,12,December,Dec-2024,52,7,Sunday,29,1,0,FY2024,FQ4
20241230,2024-12-30,2024,4,2024-Q4,12,December,Dec-2024,1,1,Monday,30,0,0,FY2024,FQ4
20241231,2024-12-31,2024,4,2024-Q4,12,December,Dec-2024,1,2,Tuesday,31,0,1,FY2024,FQ4
