ProductID,ProductName,Category,Subcategory,Brand,UnitCost,UnitPrice,Status
PROD-0001,NovaTech Smartphones Classic 1,Electronics & Gadgets,Smartphones & Tablets,NovaTech,291.77,396.71,Active
PROD-0002,NovaTech Smartphones Precision 2,Electronics & Gadgets,Smartphones & Tablets,NovaTech,413.7,759.41,Active
PROD-0003,NovaTech Smartphones Signature 3,Electronics & Gadgets,Smartphones & Tablets,NovaTech,412.87,593.17,Active
PROD-0004,Quantum Smartphones Deluxe 4,Electronics & Gadgets,Smartphones & Tablets,Quantum,456.31,492.28,Active
PROD-0005,Quantum Smartphones Elite 5,Electronics & Gadgets,Smartphones & Tablets,Quantum,885.87,1155.31,Active
PROD-0006,Quantum Smartphones Series X 6,Electronics & Gadgets,Smartphones & Tablets,Quantum,740.0,1134.1,Active
PROD-0007,ApexMobile Smartphones Prime 7,Electronics & Gadgets,Smartphones & Tablets,ApexMobile,811.47,1001.81,Active
PROD-0008,ApexMobile Smartphones Ultra 8,Electronics & Gadgets,Smartphones & Tablets,ApexMobile,630.0,834.13,Active
PROD-0009,Quantum Smartphones Series X 9,Electronics & Gadgets,Smartphones & Tablets,Quantum,650.58,988.15,Active
PROD-0010,NovaTech Smartphones Max 10,Electronics & Gadgets,Smartphones & Tablets,NovaTech,856.86,1121.79,Active
PROD-0011,NovaTech Smartphones Max 11,Electronics & Gadgets,Smartphones & Tablets,NovaTech,872.84,1213.13,Active
PROD-0012,NovaTech Smartphones Series X 12,Electronics & Gadgets,Smartphones & Tablets,NovaTech,583.43,799.22,Active
PROD-0013,NovaTech Smartphones Prime 13,Electronics & Gadgets,Smartphones & Tablets,NovaTech,327.32,439.62,Active
PROD-0014,ApexMobile Smartphones Deluxe 14,Electronics & Gadgets,Smartphones & Tablets,ApexMobile,560.39,728.42,Active
PROD-0015,NovaTech Smartphones Signature 15,Electronics & Gadgets,Smartphones & Tablets,NovaTech,555.02,793.51,Active
PROD-0016,NovaTech Smartphones Series X 16,Electronics & Gadgets,Smartphones & Tablets,NovaTech,338.77,459.97,Active
PROD-0017,Quantum Smartphones Classic 17,Electronics & Gadgets,Smartphones & Tablets,Quantum,703.09,895.88,Active
PROD-0018,ApexMobile Smartphones Select 18,ELECTRONICS & GADGETS,Smartphones & Tablets,ApexMobile,998.86,1242.42,Active
PROD-0019,ApexMobile Smartphones Advanced 19,Electronics & Gadgets,Smartphones & Tablets,ApexMobile,455.94,566.82,Active
PROD-0020,Quantum Smartphones Ultra 20,Electronics & Gadgets,Smartphones & Tablets,Quantum,525.62,753.71,Active
PROD-0021,Quantum Smartphones Signature 21,Electronics & Gadgets,Smartphones & Tablets,Quantum,854.98,1061.95,Active
PROD-0022,ApexMobile Smartphones Prime 22,Electronics & Gadgets,Smartphones & Tablets,ApexMobile,904.37,1141.66,Active
PROD-0023,Quantum Smartphones Advanced 23,Electronics & Gadgets,Smartphones & Tablets,Quantum,318.86,461.54,Active
PROD-0024,ByteGear Laptops Deluxe 24,Electronics & Gadgets,Laptops & Computers,ByteGear,841.73,921.39,Active
PROD-0025,NovaTech Laptops Max 25,electronics & gadgets,Laptops & Computers,NovaTech,418.18,575.29,Active
PROD-0026,ByteGear Laptops Precision 26,Electronics & Gadgets,Laptops & Computers,ByteGear,1043.47,1131.78,Active
PROD-0027,ByteGear Laptops Ultra 27,Electronics & Gadgets,Laptops & Computers,ByteGear,1124.88,1357.67,Active
PROD-0028,ApexLaptops Laptops Select 28,Electronics & Gadgets,Laptops & Computers,ApexLaptops,939.67,1288.56,Active
PROD-0029,ApexLaptops Laptops Precision 29,Electronics & Gadgets,Laptops & Computers,ApexLaptops,548.75,761.49,Active
PROD-0030,ApexLaptops Laptops Essential 30,Electronics & Gadgets,Laptops & Computers,ApexLaptops,892.27,1069.52,Active
PROD-0031,ByteGear Laptops Elite 31,Electronics & Gadgets,Laptops & Computers,ByteGear,770.47,939.5,Active
PROD-0032,ByteGear Laptops Pro 32,Electronics & Gadgets,Laptops & Computers,ByteGear,485.81,592.28,Active
PROD-0033,ByteGear Laptops Select 33,electronics & gadgets,Laptops & Computers,ByteGear,756.47,929.55,Active
PROD-0034,NovaTech Laptops Max 34,Electrnics & Gadgets,Laptops & Computers,NovaTech,883.08,1200.99,Active
PROD-0035,ApexLaptops Laptops Plus 35,Electronics & Gadgets,Laptops & Computers,ApexLaptops,650.33,815.89,Active
PROD-0036,  ByteGear Laptops Elite 36 ,Electronics & Gadgets,Laptops & Computers,ByteGear,1080.66,1356.67,Active
PROD-0037,ApexLaptops Laptops Pro 37,Electronics & Gadgets,Laptops & Computers,ApexLaptops,1151.46,1375.36,Active
PROD-0038,NovaTech Laptops Precision 38,Electronics & Gadgets,Laptops & Computers,NovaTech,769.5,941.08,Active
PROD-0039,ByteGear Laptops Signature 39,Electronics & Gadgets,Laptops & Computers,ByteGear,881.49,1083.19,Active
PROD-0040,ByteGear Laptops Select 40,Electronics & Gadgets,Laptops & Computers,ByteGear,1254.82,1700.24,Active
PROD-0041,ApexLaptops Laptops Elite 41,Electronics & Gadgets,Laptops & Computers,ApexLaptops,419.4,565.75,Active
PROD-0042,ByteGear Laptops Advanced 42,Electronics & Gadgets,Laptops & Computers,ByteGear,1062.32,1603.29,Active
PROD-0043,ByteGear Laptops Select 43,Electronics & Gadgets,Laptops & Computers,ByteGear,961.13,1021.34,Active
PROD-0044,NovaTech Laptops Prime 44,Electronics & Gadgets,Laptops & Computers,NovaTech,1385.59,1704.46,Active
PROD-0045,ApexLaptops Laptops Precision 45,Electronics & Gadgets,Laptops & Computers,ApexLaptops,1357.38,1794.04,Active
PROD-0046,  ByteGear Laptops Max 46 ,Electronics & Gadgets,Laptops & Computers,ByteGear,686.17,885.71,Active
PROD-0047,LuminaAcoustics Audio Pro 47,Electronics & Gadgets,Audio & Headphones,LuminaAcoustics,253.04,271.86,Active
PROD-0048,LuminaAcoustics Audio Select 48,Electronics & Gadgets,Audio & Headphones,LuminaAcoustics,191.26,204.64,Active
PROD-0049,ApexAudio Audio Elite 49,Electronics & Gadgets,Audio & Headphones,ApexAudio,135.33,224.45,Active
PROD-0050,ApexAudio Audio Deluxe 50,Electronics & Gadgets,Audio & Headphones,ApexAudio,61.2,116.32,Active
PROD-0051,PulseSound Audio Series X 51,Electronics & Gadgets,Audio & Headphones,PulseSound,102.3,220.93,Active
PROD-0052,ApexAudio Audio Series X 52,Electronics & Gadgets,Audio & Headphones,ApexAudio,149.57,262.01,Active
PROD-0053,LuminaAcoustics Audio Series X 53,Electronics & Gadgets,Audio & Headphones,LuminaAcoustics,66.45,132.99,Active
PROD-0054,ApexAudio Audio Pro 54,Electronics & Gadgets,Audio & Headphones,ApexAudio,82.07,182.06,Active
PROD-0055,ApexAudio Audio Signature 55,Electronics & Gadgets,Audio & Headphones,ApexAudio,49.15,106.07,Active
PROD-0056,ApexAudio Audio Max 56,Electronics & Gadgets,Audio & Headphones,ApexAudio,52.79,154.54,Active
PROD-0057,LuminaAcoustics Audio Prime 57,Electronics & Gadgets,Audio & Headphones,LuminaAcoustics,119.21,229.61,Active
PROD-0058,ApexAudio Audio Series X 58,Electronics & Gadgets,Audio & Headphones,ApexAudio,151.73,293.29,Active
PROD-0059,ApexAudio Audio Prime 59,electronics & gadgets,Audio & Headphones,ApexAudio,31.19,75.77,Active
PROD-0060,PulseSound Audio Prime 60,Electronics & Gadgets,Audio & Headphones,PulseSound,138.61,227.49,Active
PROD-0061,LuminaAcoustics Audio Select 61,Electronics & Gadgets,Audio & Headphones,LuminaAcoustics,57.13,121.83,Active
PROD-0062,ApexAudio Audio Elite 62,Electronics & Gadgets,Audio & Headphones,ApexAudio,151.72,236.62,Active
PROD-0063,PulseSound Audio Advanced 63,Electronics & Gadgets,Audio & Headphones,PulseSound,49.75,80.54,Active
PROD-0064,PulseSound Audio Signature 64,Electronics & Gadgets,Audio & Headphones,PulseSound,162.4,258.75,Active
PROD-0065,LuminaAcoustics Audio Ultra 65,Electronics & Gadgets,Audio & Headphones,LuminaAcoustics,111.57,209.12,Active
PROD-0066,ApexAudio Audio Classic 66,Electronics & Gadgets,Audio & Headphones,ApexAudio,37.38,79.5,Active
PROD-0067,ApexAudio Audio Essential 67,Electronics & Gadgets,Audio & Headphones,ApexAudio,66.16,105.11,Active
PROD-0068,LuminaAcoustics Audio Select 68,Electronics & Gadgets,Audio & Headphones,LuminaAcoustics,102.75,165.97,Active
PROD-0069,ApexAudio Audio Select 69,Electronics & Gadgets,Audio & Headphones,ApexAudio,55.54,90.37,Active
PROD-0070,QuantumSense Smart Home Pro 70,Electronics & Gadgets,Smart Home & IoT,QuantumSense,33.53,59.97,Active
PROD-0071,QuantumSense Smart Home Advanced 71,Electronics & Gadgets,Smart Home & IoT,QuantumSense,101.98,155.62,Active
PROD-0072,LuminaHome Smart Home Advanced 72,Electronics & Gadgets,Smart Home & IoT,LuminaHome,112.09,161.74,Active
PROD-0073,QuantumSense Smart Home Max 73,Electronics & Gadgets,Smart Home & IoT,QuantumSense,40.71,63.91,Active
PROD-0074,LuminaHome Smart Home Max 74,Electronics & Gadgets,Smart Home & IoT,LuminaHome,15.53,29.6,Active
PROD-0075,LuminaHome Smart Home Advanced 75,Electronics & Gadgets,Smart Home & IoT,LuminaHome,49.88,79.42,Active
PROD-0076,NovaTech Smart Home Essential 76,Electronics & Gadgets,Smart Home & IoT,NovaTech,78.43,208.14,Active
PROD-0077,LuminaHome Smart Home Deluxe 77,Electronics & Gadgets,Smart Home & IoT,LuminaHome,144.73,212.68,Active
PROD-0078,QuantumSense Smart Home Essential 78,Electronics & Gadgets,Smart Home & IoT,QuantumSense,98.71,167.06,Active
PROD-0079,NovaTech Smart Home Elite 79,Electronics & Gadgets,Smart Home & IoT,NovaTech,65.48,100.1,Active
PROD-0080,NovaTech Smart Home Classic 80,Electronics & Gadgets,Smart Home & IoT,NovaTech,15.27,25.32,Active
PROD-0081,NovaTech Smart Home Precision 81,Electronics & Gadgets,Smart Home & IoT,NovaTech,84.49,168.71,Active
PROD-0082,NovaTech Smart Home Essential 82,Electronics & Gadgets,Smart Home & IoT,NovaTech,99.27,146.51,Active
PROD-0083,QuantumSense Smart Home Signature 83,Electronics & Gadgets,Smart Home & IoT,QuantumSense,53.53,85.3,Active
PROD-0084,QuantumSense Smart Home Signature 84,Electronics & Gadgets,Smart Home & IoT,QuantumSense,26.44,49.81,Active
PROD-0085,NovaTech Smart Home Precision 85,Electronics & Gadgets,Smart Home & IoT,NovaTech,129.84,201.04,Active
PROD-0086,NovaTech Smart Home Select 86,Electronics & Gadgets,Smart Home & IoT,NovaTech,15.61,25.07,Active
PROD-0087,NovaTech Smart Home Deluxe 87,Electronics & Gadgets,Smart Home & IoT,NovaTech,94.71,152.66,Active
PROD-0088,LuminaHome Smart Home Signature 88,Electronics & Gadgets,Smart Home & IoT,LuminaHome,65.28,117.26,Active
PROD-0089,LuminaHome Smart Home Series X 89,Electronics & Gadgets,Smart Home & IoT,LuminaHome,24.34,41.53,Active
PROD-0090,QuantumSense Smart Home Elite 90,Electronics & Gadgets,Smart Home & IoT,QuantumSense,106.85,184.58,Active
PROD-0091,LuminaHome Smart Home Advanced 91,Electronics & Gadgets,Smart Home & IoT,LuminaHome,60.49,63.82,Active
PROD-0092,QuantumSense Smart Home Deluxe 92,Electronics & Gadgets,Smart Home & IoT,QuantumSense,179.11,190.69,Active
PROD-0093,Quantum Cables Deluxe 93,Electronics & Gadgets,Cables & Tech Accessories,Quantum,10.5,24.07,Active
PROD-0094,ByteGear Cables Ultra 94,Electronics & Gadgets,Cables & Tech Accessories,ByteGear,46.48,50.39,Active
PROD-0095,ByteGear Cables Advanced 95,Electronics & Gadgets,Cables & Tech Accessories,ByteGear,10.69,37.22,Active
PROD-0096,Quantum Cables Plus 96,Electronics & Gadgets,Cables & Tech Accessories,Quantum,5.62,15.85,Active
PROD-0097,Pulse Cables Ultra 97,Electronics & Gadgets,Cables & Tech Accessories,Pulse,18.94,58.67,Active
PROD-0098,Quantum Cables Essential 98,Electronics & Gadgets,Cables & Tech Accessories,Quantum,27.47,67.14,Active
PROD-0099,Quantum Cables Signature 99,Electronics & Gadgets,Cables & Tech Accessories,Quantum,16.69,37.31,Active
PROD-0100,ByteGear Cables Precision 100,Electronics & Gadgets,Cables & Tech Accessories,ByteGear,23.42,62.1,Active
PROD-0101,  Quantum Cables Prime 101 ,Electronics & Gadgets,Cables & Tech Accessories,Quantum,22.99,56.64,Active
PROD-0102,Pulse Cables Plus 102,Electronics & Gadgets,Cables & Tech Accessories,Pulse,8.49,17.41,Active
PROD-0103,Pulse Cables Signature 103,Electronics & Gadgets,Cables & Tech Accessories,Pulse,6.77,17.58,Active
PROD-0104,ByteGear Cables Precision 104,Electronics & Gadgets,Cables & Tech Accessories,ByteGear,11.94,25.19,Active
PROD-0105,Pulse Cables Classic 105,Electronics & Gadgets,Cables & Tech Accessories,Pulse,7.62,16.54,Active
PROD-0106,Quantum Cables Precision 106,Electronics & Gadgets,Cables & Tech Accessories,Quantum,5.89,14.1,Active
PROD-0107,Pulse Cables Pro 107,Electronics & Gadgets,Cables & Tech Accessories,Pulse,30.72,66.73,Active
PROD-0108,Pulse Cables Signature 108,Electronics & Gadgets,Cables & Tech Accessories,Pulse,22.87,55.6,Active
PROD-0109,ByteGear Cables Plus 109,Electronics & Gadgets,Cables & Tech Accessories,ByteGear,13.85,25.5,Active
PROD-0110,Pulse Cables Series X 110,Electronics & Gadgets,Cables & Tech Accessories,Pulse,26.47,51.7,Active
PROD-0111,Pulse Cables Ultra 111,Electronics & Gadgets,Cables & Tech Accessories,Pulse,23.52,68.89,Active
PROD-0112,  Quantum Cables Deluxe 112 ,Electronics & Gadgets,Cables & Tech Accessories,Quantum,19.15,50.78,Active
PROD-0113,Pulse Cables Ultra 113,Electronics & Gadgets,Cables & Tech Accessories,Pulse,7.95,15.86,Active
PROD-0114,Pulse Cables Essential 114,Electronics & Gadgets,Cables & Tech Accessories,Pulse,21.26,56.38,Active
PROD-0115,Pulse Cables Prime 115,Electronics & Gadgets,Cables & Tech Accessories,Pulse,22.88,60.58,Active
PROD-0116,ChefCraft Cookware Essential 116,Home & Kitchen,Cookware & Bakeware,ChefCraft,82.58,90.53,Active
PROD-0117,ChefCraft Cookware Advanced 117,Home & Kitchen,Cookware & Bakeware,ChefCraft,19.47,38.37,Active
PROD-0118,AuraLiving Cookware Ultra 118,Home & Kitchen,Cookware & Bakeware,AuraLiving,59.52,94.4,Active
PROD-0119,ChefCraft Cookware Plus 119,Home & Kitchen,Cookware & Bakeware,ChefCraft,136.01,218.85,Active
PROD-0120,AuraLiving Cookware Precision 120,Home & Kitchen,Cookware & Bakeware,AuraLiving,139.33,223.95,Active
PROD-0121,HearthStone Cookware Elite 121,Home & Kitchen,Cookware & Bakeware,HearthStone,102.82,186.23,Active
PROD-0122,HearthStone Cookware Classic 122,Home & Kitchen,Cookware & Bakeware,HearthStone,119.29,284.19,Active
PROD-0123,AuraLiving Cookware Max 123,home & kitchen,Cookware & Bakeware,AuraLiving,29.06,57.5,Active
PROD-0124,AuraLiving Cookware Advanced 124,Home & Kitchen,Cookware & Bakeware,AuraLiving,32.4,62.67,Active
PROD-0125,HearthStone Cookware Signature 125,Home & Kitchen,Cookware & Bakeware,HearthStone,82.14,145.65,Active
PROD-0126,HearthStone Cookware Pro 126,Home & Kitchen,Cookware & Bakeware,HearthStone,163.94,259.38,Active
PROD-0127,HearthStone Cookware Series X 127,Home & Kitchen,Cookware & Bakeware,HearthStone,168.93,270.72,Active
PROD-0128,ChefCraft Cookware Precision 128,Home & Kitchen,Cookware & Bakeware,ChefCraft,93.17,170.86,Active
PROD-0129,AuraLiving Cookware Advanced 129,Home & Kitchen,Cookware & Bakeware,AuraLiving,84.39,160.53,Active
PROD-0130,HearthStone Cookware Essential 130,Home & Kitchen,Cookware & Bakeware,HearthStone,165.14,259.95,Active
PROD-0131,HearthStone Cookware Max 131,Home & Kitchen,Cookware & Bakeware,HearthStone,124.78,232.62,Active
PROD-0132,HearthStone Cookware Pro 132,Home & Kitchen,Cookware & Bakeware,HearthStone,92.7,163.45,Active
PROD-0133,HearthStone Cookware Advanced 133,Home & Kitchen,Cookware & Bakeware,HearthStone,54.73,99.75,Active
PROD-0134,HearthStone Cookware Signature 134,Home & Kitchen,Cookware & Bakeware,HearthStone,20.8,32.73,Active
PROD-0135,AuraLiving Cookware Classic 135,Home & Kitchen,Cookware & Bakeware,AuraLiving,86.23,161.91,Active
PROD-0136,AuraLiving Cookware Precision 136,Home and Kitchen,Cookware & Bakeware,AuraLiving,103.06,162.51,Active
PROD-0137,ChefCraft Cookware Classic 137,Home & Kitchen,Cookware & Bakeware,ChefCraft,119.47,216.77,Active
PROD-0138,NovaKitchen Small Kitchen Appliances Signature 138,Home & Kitchen,Small Kitchen Appliances,NovaKitchen,145.16,235.81,Active
PROD-0139,NovaKitchen Small Kitchen Appliances Essential 139,Home & Kitchen,Small Kitchen Appliances,NovaKitchen,202.69,295.99,Active
PROD-0140,ChefCraft Small Kitchen Appliances Precision 140,Home & Kitchen,Small Kitchen Appliances,ChefCraft,60.83,117.39,Active
PROD-0141,PureHome Small Kitchen Appliances Ultra 141,Home & Kitchen,Small Kitchen Appliances,PureHome,79.73,117.03,Active
PROD-0142,PureHome Small Kitchen Appliances Advanced 142,Home & Kitchen,Small Kitchen Appliances,PureHome,164.91,233.61,Active
PROD-0143,ChefCraft Small Kitchen Appliances Prime 143,Home & Kitchen,Small Kitchen Appliances,ChefCraft,80.01,129.61,Active
PROD-0144,PureHome Small Kitchen Appliances Ultra 144,Home & Kitchen,Small Kitchen Appliances,PureHome,93.81,146.0,Active
PROD-0145,PureHome Small Kitchen Appliances Ultra 145,Home & Kitchen,Small Kitchen Appliances,PureHome,192.81,273.24,Active
PROD-0146,ChefCraft Small Kitchen Appliances Deluxe 146,Home & Kitchen,Small Kitchen Appliances,ChefCraft,100.52,149.51,Active
PROD-0147,  ChefCraft Small Kitchen Appliances Prime 147 ,Home & Kitchen,Small Kitchen Appliances,ChefCraft,229.48,379.36,Active
PROD-0148,  NovaKitchen Small Kitchen Appliances Plus 148 ,Home & Kitchen,Small Kitchen Appliances,NovaKitchen,54.09,75.92,Active
PROD-0149,ChefCraft Small Kitchen Appliances Advanced 149,Home & Kitchen,Small Kitchen Appliances,ChefCraft,143.46,246.98,Active
PROD-0150,  ChefCraft Small Kitchen Appliances Signature 150 ,Home & Kitchen,Small Kitchen Appliances,ChefCraft,193.48,317.55,Active
PROD-0151,ChefCraft Small Kitchen Appliances Advanced 151,Home & Kitchen,Small Kitchen Appliances,ChefCraft,153.25,232.89,Active
PROD-0152,PureHome Small Kitchen Appliances Classic 152,Home & Kitchen,Small Kitchen Appliances,PureHome,99.56,156.87,Active
PROD-0153,PureHome Small Kitchen Appliances Elite 153,Home & Kitchen,Small Kitchen Appliances,PureHome,221.32,381.65,Active
PROD-0154,PureHome Small Kitchen Appliances Elite 154,Home & Kitchen,Small Kitchen Appliances,PureHome,63.58,104.96,Active
PROD-0155,  ChefCraft Small Kitchen Appliances Classic 155 ,Home & Kitchen,Small Kitchen Appliances,ChefCraft,141.05,207.67,Active
PROD-0156,ChefCraft Small Kitchen Appliances Prime 156,Home & Kitchen,Small Kitchen Appliances,ChefCraft,195.24,297.42,Active
PROD-0157,PureHome Small Kitchen Appliances Max 157,Home & Kitchen,Small Kitchen Appliances,PureHome,236.15,373.36,Active
PROD-0158,PureHome Small Kitchen Appliances Advanced 158,Home & Kitchen,Small Kitchen Appliances,PureHome,242.55,376.77,Active
PROD-0159,PureHome Small Kitchen Appliances Ultra 159,Home & Kitchen,Small Kitchen Appliances,PureHome,261.23,367.93,Active
PROD-0160,DecoStyle Dining Advanced 160,Home & Kitchen,Dining & Glassware,DecoStyle,29.16,59.98,Active
PROD-0161,AuraLiving Dining Plus 161,Home & Kitchen,Dining & Glassware,AuraLiving,16.64,36.16,Active
PROD-0162,AuraLiving Dining Signature 162,Home and Kitchen,Dining & Glassware,AuraLiving,43.33,90.19,Active
PROD-0163,AuraLiving Dining Precision 163,Home & Kitchen,Dining & Glassware,AuraLiving,36.0,61.89,Active
PROD-0164,HearthStone Dining Select 164,Home & Kitchen,Dining & Glassware,HearthStone,78.57,131.86,Active
PROD-0165,HearthStone Dining Select 165,Home & Kitchen,Dining & Glassware,HearthStone,50.75,55.03,Active
PROD-0166,AuraLiving Dining Signature 166,Home & Kitchen,Dining & Glassware,AuraLiving,59.01,104.69,Active
PROD-0167,HearthStone Dining Classic 167,Home & Kitchen,Dining & Glassware,HearthStone,59.64,102.51,Active
PROD-0168,AuraLiving Dining Classic 168,Home & Kitchen,Dining & Glassware,AuraLiving,27.13,63.32,Active
PROD-0169,AuraLiving Dining Classic 169,Home and Kitchen,Dining & Glassware,AuraLiving,45.28,110.17,Active
PROD-0170,HearthStone Dining Pro 170,Home & Kitchen,Dining & Glassware,HearthStone,42.36,79.12,Active
PROD-0171,AuraLiving Dining Select 171,Home & Kitchen,Dining & Glassware,AuraLiving,40.71,86.89,Active
PROD-0172,HearthStone Dining Plus 172,Home & Kitchen,Dining & Glassware,HearthStone,30.99,73.71,Active
PROD-0173,AuraLiving Dining Series X 173,Home & Kitchen,Dining & Glassware,AuraLiving,73.33,77.46,Active
PROD-0174,DecoStyle Dining Prime 174,Home & Kitchen,Dining & Glassware,DecoStyle,44.3,76.95,Active
PROD-0175,HearthStone Dining Deluxe 175,Home & Kitchen,Dining & Glassware,HearthStone,66.64,123.9,Active
PROD-0176,DecoStyle Dining Signature 176,Home & Kitchen,Dining & Glassware,DecoStyle,23.0,73.03,Active
PROD-0177,DecoStyle Dining Plus 177,Home & Kitchen,Dining & Glassware,DecoStyle,81.46,143.11,Active
PROD-0178,HearthStone Dining Prime 178,Home & Kitchen,Dining & Glassware,HearthStone,37.3,86.14,Active
PROD-0179,AuraLiving Dining Max 179,Home & Kitchen,Dining & Glassware,AuraLiving,36.36,79.37,Active
PROD-0180,HearthStone Dining Signature 180,Home & Kitchen,Dining & Glassware,HearthStone,56.71,117.01,Active
PROD-0181,AuraLiving Dining Essential 181,Home & Kitchen,Dining & Glassware,AuraLiving,61.65,141.44,Active
PROD-0182,DecoStyle Storage Precision 182,Home & Kitchen,Storage & Organization,DecoStyle,13.09,37.38,Active
PROD-0183,DecoStyle Storage Select 183,Home & Kitchen,Storage & Organization,DecoStyle,13.08,26.13,Active
PROD-0184,AuraLiving Storage Advanced 184,Home & Kitchen,Storage & Organization,AuraLiving,28.21,55.75,Active
PROD-0185,PureHome Storage Precision 185,Home & Kitchen,Storage & Organization,PureHome,12.6,32.9,Active
PROD-0186,DecoStyle Storage Pro 186,Home & Kitchen,Storage & Organization,DecoStyle,14.37,38.85,Active
PROD-0187,DecoStyle Storage Classic 187,Home & Kitchen,Storage & Organization,DecoStyle,38.32,89.12,Active
PROD-0188,PureHome Storage Plus 188,Home & Kitchen,Storage & Organization,PureHome,25.06,87.35,Active
PROD-0189,DecoStyle Storage Select 189,Home & Kitchen,Storage & Organization,DecoStyle,12.55,22.52,Active
PROD-0190,DecoStyle Storage Pro 190,HOME & KITCHEN,Storage & Organization,DecoStyle,29.7,69.17,Active
PROD-0191,PureHome Storage Elite 191,Home & Kitchen,Storage & Organization,PureHome,25.21,50.2,Active
PROD-0192,AuraLiving Storage Classic 192,Home & Kitchen,Storage & Organization,AuraLiving,24.47,63.73,Active
PROD-0193,AuraLiving Storage Classic 193,Home & Kitchen,Storage & Organization,AuraLiving,32.53,86.55,Active
PROD-0194,  DecoStyle Storage Select 194 ,Home & Kitchen,Storage & Organization,DecoStyle,29.23,55.57,Active
PROD-0195,AuraLiving Storage Prime 195,Home & Kitchen,Storage & Organization,AuraLiving,43.12,89.8,Active
PROD-0196,PureHome Storage Advanced 196,Home and Kitchen,Storage & Organization,PureHome,29.88,62.52,Active
PROD-0197,AuraLiving Storage Prime 197,Home & Kitchen,Storage & Organization,AuraLiving,76.15,82.75,Active
PROD-0198,DecoStyle Storage Essential 198,Home & Kitchen,Storage & Organization,DecoStyle,16.11,43.1,Active
PROD-0199,AuraLiving Storage Series X 199,Home & Kitchen,Storage & Organization,AuraLiving,34.55,74.43,Active
PROD-0200,DecoStyle Storage Deluxe 200,Home & Kitchen,Storage & Organization,DecoStyle,29.53,66.23,Active
PROD-0201,PureHome Storage Plus 201,Home & Kitchen,Storage & Organization,PureHome,26.8,62.83,Active
PROD-0202,DecoStyle Storage Prime 202,Home & Kitchen,Storage & Organization,DecoStyle,25.77,65.81,Active
PROD-0203,DecoStyle Storage Deluxe 203,Home & Kitchen,Storage & Organization,DecoStyle,15.77,37.43,Active
PROD-0204,PureHome Bed Select 204,Home & Kitchen,Bed & Bath,PureHome,34.99,77.86,Active
PROD-0205,AuraLiving Bed Max 205,Home & Kitchen,Bed & Bath,AuraLiving,51.44,91.73,Active
PROD-0206,LuxeComfort Bed Prime 206,Home & Kitchen,Bed & Bath,LuxeComfort,15.59,28.83,Active
PROD-0207,AuraLiving Bed Deluxe 207,Home & Kitchen,Bed & Bath,AuraLiving,75.01,176.38,Active
PROD-0208,LuxeComfort Bed Precision 208,Home & Kitchen,Bed & Bath,LuxeComfort,62.98,111.92,Active
PROD-0209,AuraLiving Bed Deluxe 209,home & kitchen,Bed & Bath,AuraLiving,78.43,165.33,Active
PROD-0210,PureHome Bed Series X 210,Home and Kitchen,Bed & Bath,PureHome,76.07,157.22,Active
PROD-0211,AuraLiving Bed Series X 211,Home & Kitchen,Bed & Bath,AuraLiving,25.7,41.99,Active
PROD-0212,PureHome Bed Pro 212,Home & Kitchen,Bed & Bath,PureHome,76.1,126.42,Active
PROD-0213,PureHome Bed Essential 213,Home & Kitchen,Bed & Bath,PureHome,76.07,155.8,Active
PROD-0214,LuxeComfort Bed Essential 214,Home & Kitchen,Bed & Bath,LuxeComfort,53.51,117.89,Active
PROD-0215,PureHome Bed Select 215,Home & Kitchen,Bed & Bath,PureHome,106.71,190.22,Active
PROD-0216,  PureHome Bed Advanced 216 ,Home & Kitchen,Bed & Bath,PureHome,26.72,45.14,Active
PROD-0217,  AuraLiving Bed Select 217 ,Home & Kitchen,Bed & Bath,AuraLiving,77.48,143.35,Active
PROD-0218,LuxeComfort Bed Essential 218,Home & Kitchen,Bed & Bath,LuxeComfort,23.13,40.79,Active
PROD-0219,AuraLiving Bed Plus 219,Home & Kitchen,Bed & Bath,AuraLiving,50.79,89.49,Active
PROD-0220,PureHome Bed Select 220,Home & Kitchen,Bed & Bath,PureHome,66.32,136.74,Active
PROD-0221,PureHome Bed Pro 221,Home & Kitchen,Bed & Bath,PureHome,73.96,133.41,Active
PROD-0222,LuxeComfort Bed Max 222,Home & Kitchen,Bed & Bath,LuxeComfort,72.92,138.33,Active
PROD-0223,LuxeComfort Bed Prime 223,Home & Kitchen,Bed & Bath,LuxeComfort,70.57,138.61,Active
PROD-0224,AuraLiving Bed Prime 224,Home & Kitchen,Bed & Bath,AuraLiving,92.4,199.28,Active
PROD-0225,LuxeComfort Bed Ultra 225,Home & Kitchen,Bed & Bath,LuxeComfort,40.0,93.0,Active
PROD-0226,SummitFit Men's Apparel Signature 226,Apparel & Accessories,Men's Apparel,SummitFit,39.01,74.48,Active
PROD-0227,Vanguard Men's Apparel Series X 227,Apparel & Accessories,Men's Apparel,Vanguard,15.79,32.86,Active
PROD-0228,Vanguard Men's Apparel Pro 228,Apparel & Accessories,Men's Apparel,Vanguard,41.08,109.73,Active
PROD-0229,UrbanThread Men's Apparel Select 229,Apparel & Accessories,Men's Apparel,UrbanThread,32.73,67.14,Active
PROD-0230,SummitFit Men's Apparel Essential 230,Apparel & Accessories,Men's Apparel,SummitFit,10.74,27.86,Active
PROD-0231,Vanguard Men's Apparel Elite 231,Apparel & Accessories,Men's Apparel,Vanguard,47.61,106.15,Active
PROD-0232,  UrbanThread Men's Apparel Pro 232 ,Apparel & Accs,Men's Apparel,UrbanThread,64.63,122.27,Active
PROD-0233,SummitFit Men's Apparel Max 233,Apparel & Accessories,Men's Apparel,SummitFit,14.88,28.91,Active
PROD-0234,UrbanThread Men's Apparel Select 234,Apparel & Accessories,Men's Apparel,UrbanThread,69.84,133.05,Active
PROD-0235,SummitFit Men's Apparel Pro 235,Apparel & Accessories,Men's Apparel,SummitFit,21.41,56.04,Active
PROD-0236,SummitFit Men's Apparel Prime 236,APPAREL & ACCESSORIES,Men's Apparel,SummitFit,37.47,123.8,Active
PROD-0237,UrbanThread Men's Apparel Pro 237,Apparel & Accessories,Men's Apparel,UrbanThread,29.95,66.56,Active
PROD-0238,UrbanThread Men's Apparel Ultra 238,Apparel & Accessories,Men's Apparel,UrbanThread,20.62,54.49,Active
PROD-0239,UrbanThread Men's Apparel Precision 239,Apparel & Accessories,Men's Apparel,UrbanThread,13.8,28.25,Active
PROD-0240,SummitFit Men's Apparel Elite 240,apparel & accessories,Men's Apparel,SummitFit,27.2,78.75,Active
PROD-0241,SummitFit Men's Apparel Advanced 241,Apparel & Accessories,Men's Apparel,SummitFit,68.89,138.13,Active
PROD-0242,SummitFit Men's Apparel Pro 242,Apparel & Accessories,Men's Apparel,SummitFit,13.44,27.9,Active
PROD-0243,SummitFit Men's Apparel Elite 243,APPAREL & ACCESSORIES,Men's Apparel,SummitFit,45.0,83.72,Active
PROD-0244,UrbanThread Men's Apparel Essential 244,Apparel & Accessories,Men's Apparel,UrbanThread,93.74,99.07,Active
PROD-0245,  SummitFit Men's Apparel Deluxe 245 ,Apparel & Accessories,Men's Apparel,SummitFit,34.77,91.28,Active
PROD-0246,SummitFit Men's Apparel Prime 246,Apparel & Accessories,Men's Apparel,SummitFit,42.1,78.97,Active
PROD-0247,  UrbanThread Women's Apparel Elite 247 ,Apparel & Accessories,Women's Apparel,UrbanThread,64.5,165.7,Active
PROD-0248,UrbanThread Women's Apparel Select 248,Apparel & Accessories,Women's Apparel,UrbanThread,29.1,60.47,Active
PROD-0249,Solis Apparel Women's Apparel Select 249,Apparel & Accessories,Women's Apparel,Solis Apparel,50.29,99.82,Active
PROD-0250,Solis Apparel Women's Apparel Essential 250,Apparel & Accessories,Women's Apparel,Solis Apparel,66.56,134.73,Active
PROD-0251,Solis Apparel Women's Apparel Elite 251,Apparel & Accessories,Women's Apparel,Solis Apparel,14.4,40.04,Active
PROD-0252,UrbanThread Women's Apparel Precision 252,Apparel & Accessories,Women's Apparel,UrbanThread,35.6,86.48,Active
PROD-0253,UrbanThread Women's Apparel Signature 253,Apparel & Accessories,Women's Apparel,UrbanThread,29.41,79.38,Active
PROD-0254,UrbanThread Women's Apparel Advanced 254,Apparel & Accessories,Women's Apparel,UrbanThread,48.45,94.77,Active
PROD-0255,Solis Apparel Women's Apparel Deluxe 255,Apparel & Accessories,Women's Apparel,Solis Apparel,26.71,76.54,Active
PROD-0256,AuraStyle Women's Apparel Series X 256,APPAREL & ACCESSORIES,Women's Apparel,AuraStyle,48.14,104.55,Active
PROD-0257,UrbanThread Women's Apparel Essential 257,Apparel & Accessories,Women's Apparel,UrbanThread,21.16,43.95,Active
PROD-0258,Solis Apparel Women's Apparel Select 258,Apparel & Accessories,Women's Apparel,Solis Apparel,48.7,117.55,Active
PROD-0259,UrbanThread Women's Apparel Series X 259,Apparel & Accessories,Women's Apparel,UrbanThread,47.69,116.85,Active
PROD-0260,UrbanThread Women's Apparel Prime 260,Apparel & Accessories,Women's Apparel,UrbanThread,11.62,29.77,Active
PROD-0261,Solis Apparel Women's Apparel Essential 261,Apparel & Accessories,Women's Apparel,Solis Apparel,11.02,26.0,Active
PROD-0262,Solis Apparel Women's Apparel Elite 262,Apparel & Accessories,Women's Apparel,Solis Apparel,24.92,48.4,Active
PROD-0263,UrbanThread Women's Apparel Signature 263,Apparel & Accessories,Women's Apparel,UrbanThread,27.95,60.49,Active
PROD-0264,Solis Apparel Women's Apparel Prime 264,Apparel & Accessories,Women's Apparel,Solis Apparel,61.01,144.05,Active
PROD-0265,AuraStyle Women's Apparel Pro 265,Apparel & Accessories,Women's Apparel,AuraStyle,25.91,50.66,Active
PROD-0266,AuraStyle Women's Apparel Prime 266,Apparel & Accessories,Women's Apparel,AuraStyle,40.89,98.1,Active
PROD-0267,Solis Apparel Women's Apparel Prime 267,Apparel & Accessories,Women's Apparel,Solis Apparel,27.94,60.56,Active
PROD-0268,Vanguard Footwear Prime 268,Apparel & Accessories,Footwear,Vanguard,80.48,151.72,Active
PROD-0269,SummitFit Footwear Pro 269,Apparel & Accessories,Footwear,SummitFit,50.73,83.07,Active
PROD-0270,Vanguard Footwear Prime 270,Apparel & Accessories,Footwear,Vanguard,93.99,191.79,Active
PROD-0271,SummitFit Footwear Essential 271,Apparel & Accessories,Footwear,SummitFit,37.18,67.99,Active
PROD-0272,Vanguard Footwear Classic 272,Apparel & Accessories,Footwear,Vanguard,68.19,129.88,Active
PROD-0273,AeroStep Footwear Advanced 273,Apparel & Accessories,Footwear,AeroStep,50.93,103.12,Active
PROD-0274,SummitFit Footwear Pro 274,Apparel & Accessories,Footwear,SummitFit,112.33,118.95,Active
PROD-0275,SummitFit Footwear Deluxe 275,Apparel & Accessories,Footwear,SummitFit,63.16,110.65,Active
PROD-0276,SummitFit Footwear Pro 276,Apparel & Accessories,Footwear,SummitFit,60.72,194.92,Active
PROD-0277,SummitFit Footwear Select 277,Apparel & Accessories,Footwear,SummitFit,83.74,153.43,Active
PROD-0278,Vanguard Footwear Max 278,Apparel & Accessories,Footwear,Vanguard,69.97,115.34,Active
PROD-0279,SummitFit Footwear Precision 279,Apparel & Accessories,Footwear,SummitFit,59.69,100.92,Active
PROD-0280,AeroStep Footwear Series X 280,Apparel & Accessories,Footwear,AeroStep,31.26,67.09,Active
PROD-0281,SummitFit Footwear Essential 281,Apparel & Accessories,Footwear,SummitFit,76.6,159.1,Active
PROD-0282,Vanguard Footwear Elite 282,Apparel & Accessories,Footwear,Vanguard,27.88,71.96,Active
PROD-0283,AeroStep Footwear Elite 283,apparel & accessories,Footwear,AeroStep,41.04,76.56,Active
PROD-0284,AeroStep Footwear Advanced 284,Apparel & Accessories,Footwear,AeroStep,64.35,136.91,Active
PROD-0285,AeroStep Footwear Series X 285,Apparel & Accessories,Footwear,AeroStep,90.06,197.97,Active
PROD-0286,SummitFit Footwear Ultra 286,Apparel & Accessories,Footwear,SummitFit,59.44,115.95,Active
PROD-0287,SummitFit Footwear Deluxe 287,Apparel & Accessories,Footwear,SummitFit,33.14,58.42,Active
PROD-0288,SummitFit Footwear Pro 288,Apparel & Accessories,Footwear,SummitFit,35.52,58.52,Active
PROD-0289,Vanguard Bags Deluxe 289,Apparel & Accessories,Bags & Luggage,Vanguard,88.94,182.57,Active
PROD-0290,TrailPeak Bags Pro 290,Apparel & Accessories,Bags & Luggage,TrailPeak,70.37,147.93,Active
PROD-0291,AuraStyle Bags Deluxe 291,Apparel & Accessories,Bags & Luggage,AuraStyle,72.08,154.14,Active
PROD-0292,Vanguard Bags Advanced 292,Apparel & Accessories,Bags & Luggage,Vanguard,119.12,255.78,Active
PROD-0293,TrailPeak Bags Series X 293,Apparel & Accessories,Bags & Luggage,TrailPeak,41.51,81.4,Active
PROD-0294,AuraStyle Bags Signature 294,Apparel & Accessories,Bags & Luggage,AuraStyle,67.08,165.45,Active
PROD-0295,AuraStyle Bags Classic 295,Apparel & Accessories,Bags & Luggage,AuraStyle,66.88,138.09,Active
PROD-0296,TrailPeak Bags Series X 296,APPAREL & ACCESSORIES,Bags & Luggage,TrailPeak,59.04,120.31,Active
PROD-0297,AuraStyle Bags Prime 297,Apparel & Accessories,Bags & Luggage,AuraStyle,42.77,100.47,Active
PROD-0298,TrailPeak Bags Select 298,Apparel & Accessories,Bags & Luggage,TrailPeak,26.42,76.08,Active
PROD-0299,AuraStyle Bags Prime 299,Apparel & Accessories,Bags & Luggage,AuraStyle,140.83,272.24,Active
PROD-0300,TrailPeak Bags Precision 300,Apparel & Accessories,Bags & Luggage,TrailPeak,137.79,265.11,Active
PROD-0301,AuraStyle Bags Select 301,Apparel & Accessories,Bags & Luggage,AuraStyle,30.28,70.66,Active
PROD-0302,TrailPeak Bags Signature 302,Apparel & Accessories,Bags & Luggage,TrailPeak,31.13,62.42,Active
PROD-0303,Vanguard Bags Essential 303,Apparel & Accessories,Bags & Luggage,Vanguard,59.95,114.12,Active
PROD-0304,AuraStyle Bags Max 304,Apparel & Accessories,Bags & Luggage,AuraStyle,43.84,94.36,Active
PROD-0305,Vanguard Bags Signature 305,Apparel & Accessories,Bags & Luggage,Vanguard,98.69,225.0,Active
PROD-0306,Vanguard Bags Series X 306,Apparel & Accessories,Bags & Luggage,Vanguard,67.54,120.81,Active
PROD-0307,AuraStyle Bags Ultra 307,Apparel & Accessories,Bags & Luggage,AuraStyle,36.04,78.93,Active
PROD-0308,Vanguard Bags Precision 308,Apparel & Accessories,Bags & Luggage,Vanguard,68.42,145.03,Active
PROD-0309,Vanguard Bags Plus 309,Apparel & Accessories,Bags & Luggage,Vanguard,84.8,186.53,Active
PROD-0310,AuraStyle Fashion Accessories Signature 310,Apparel & Accessories,Fashion Accessories & Jewelry,AuraStyle,13.45,42.49,Active
PROD-0311,AuraStyle Fashion Accessories Essential 311,Apparel & Accessories,Fashion Accessories & Jewelry,AuraStyle,34.88,93.0,Active
PROD-0312,Solis Apparel Fashion Accessories Advanced 312,Apparel & Accessories,Fashion Accessories & Jewelry,Solis Apparel,16.83,58.91,Active
PROD-0313,AuraStyle Fashion Accessories Advanced 313,Apparel & Accessories,Fashion Accessories & Jewelry,AuraStyle,37.29,84.53,Active
PROD-0314,Solis Apparel Fashion Accessories Select 314,Apparel & Accessories,Fashion Accessories & Jewelry,Solis Apparel,18.98,57.68,Active
PROD-0315,DecoStyle Fashion Accessories Select 315,Apparel & Accessories,Fashion Accessories & Jewelry,DecoStyle,9.94,29.33,Active
PROD-0316,Solis Apparel Fashion Accessories Signature 316,Apparel & Accessories,Fashion Accessories & Jewelry,Solis Apparel,9.23,31.94,Active
PROD-0317,AuraStyle Fashion Accessories Select 317,Apparel & Accessories,Fashion Accessories & Jewelry,AuraStyle,29.79,66.87,Active
PROD-0318,AuraStyle Fashion Accessories Classic 318,Apparel & Accessories,Fashion Accessories & Jewelry,AuraStyle,20.43,72.72,Active
PROD-0319,Solis Apparel Fashion Accessories Max 319,Apparel & Accessories,Fashion Accessories & Jewelry,Solis Apparel,5.6,18.23,Active
PROD-0320,DecoStyle Fashion Accessories Essential 320,Apparel & Accessories,Fashion Accessories & Jewelry,DecoStyle,34.97,106.0,Active
PROD-0321,Solis Apparel Fashion Accessories Precision 321,Apparel & Accessories,Fashion Accessories & Jewelry,Solis Apparel,40.94,110.57,Active
PROD-0322,DecoStyle Fashion Accessories Pro 322,Apparel & Accessories,Fashion Accessories & Jewelry,DecoStyle,113.11,119.16,Active
PROD-0323,AuraStyle Fashion Accessories Signature 323,Apparel & Accessories,Fashion Accessories & Jewelry,AuraStyle,46.55,123.12,Active
PROD-0324,Solis Apparel Fashion Accessories Max 324,Apparel & Accessories,Fashion Accessories & Jewelry,Solis Apparel,46.59,49.62,Active
PROD-0325,DecoStyle Fashion Accessories Plus 325,Apparel & Accessories,Fashion Accessories & Jewelry,DecoStyle,8.11,22.21,Active
PROD-0326,DecoStyle Fashion Accessories Pro 326,Apparel & Accessories,Fashion Accessories & Jewelry,DecoStyle,28.74,87.66,Active
PROD-0327,Solis Apparel Fashion Accessories Classic 327,Apparel & Accessories,Fashion Accessories & Jewelry,Solis Apparel,5.35,15.17,Active
PROD-0328,AuraStyle Fashion Accessories Series X 328,Apparel & Accessories,Fashion Accessories & Jewelry,AuraStyle,35.69,91.83,Active
PROD-0329,DecoStyle Fashion Accessories Signature 329,Apparel & Accessories,Fashion Accessories & Jewelry,DecoStyle,26.09,73.33,Active
PROD-0330,Solis Apparel Fashion Accessories Select 330,Apparel & Accessories,Fashion Accessories & Jewelry,Solis Apparel,19.56,69.06,Active
PROD-0331,RadiantSkin Skincare Precision 331,Beauty & Personal Care,Skincare,RadiantSkin,8.96,20.79,Active
PROD-0332,PureEssence Skincare Series X 332,Beauty & Personal Care,Skincare,PureEssence,31.32,88.73,Active
PROD-0333,  RadiantSkin Skincare Ultra 333 ,Beauty & Personal Care,Skincare,RadiantSkin,8.06,23.91,Active
PROD-0334,AuraGlow Skincare Select 334,Beauty & Personal Care,Skincare,AuraGlow,38.07,105.47,Active
PROD-0335,PureEssence Skincare Ultra 335,Beauty & Personal Care,Skincare,PureEssence,100.47,109.07,Active
PROD-0336,RadiantSkin Skincare Pro 336,Beauty & Personal Care,Skincare,RadiantSkin,48.98,51.56,Active
PROD-0337,AuraGlow Skincare Essential 337,Beauty & Personal Care,Skincare,AuraGlow,37.04,122.59,Active
PROD-0338,PureEssence Skincare Plus 338,Beauty & Personal Care,Skincare,PureEssence,21.75,47.11,Active
PROD-0339,RadiantSkin Skincare Select 339,Beauty & Personal Care,Skincare,RadiantSkin,45.82,105.66,Active
PROD-0340,AuraGlow Skincare Advanced 340,Beauty & Personal Care,Skincare,AuraGlow,21.02,59.84,Active
PROD-0341,RadiantSkin Skincare Essential 341,Beauty & Personal Care,Skincare,RadiantSkin,50.89,127.07,Active
PROD-0342,PureEssence Skincare Prime 342,Beauty & Personal Care,Skincare,PureEssence,52.26,107.92,Active
PROD-0343,PureEssence Skincare Select 343,Beauty & Personal Care,Skincare,PureEssence,18.71,39.02,Active
PROD-0344,RadiantSkin Skincare Series X 344,Beauty & Personal Care,Skincare,RadiantSkin,18.47,51.81,Active
PROD-0345,AuraGlow Skincare Precision 345,Beauty & Personal Care,Skincare,AuraGlow,24.21,68.26,Active
PROD-0346,RadiantSkin Skincare Deluxe 346,Beauty & Personal Care,Skincare,RadiantSkin,39.45,129.78,Active
PROD-0347,AuraGlow Skincare Elite 347,Beauty & Personal Care,Skincare,AuraGlow,37.15,93.49,Active
PROD-0348,PureEssence Haircare Series X 348,Beauty & Personal Care,Haircare,PureEssence,24.77,26.99,Active
PROD-0349,PureEssence Haircare Advanced 349,Beauty & Personal Care,Haircare,PureEssence,18.52,47.85,Active
PROD-0350,PureEssence Haircare Essential 350,Beauty & Personal Care,Haircare,PureEssence,21.64,42.15,Active
PROD-0351,LuxeCare Haircare Series X 351,Beauty & Personal Care,Haircare,LuxeCare,21.01,48.73,Active
PROD-0352,LuxeCare Haircare Deluxe 352,Beauty & Personal Care,Haircare,LuxeCare,11.57,25.32,Active
PROD-0353,VelvetBotanicals Haircare Max 353,Beauty & Personal Care,Haircare,VelvetBotanicals,82.74,87.03,Active
PROD-0354,PureEssence Haircare Classic 354,Beauty & Personal Care,Haircare,PureEssence,26.01,83.51,Active
PROD-0355,PureEssence Haircare Plus 355,Beauty & Personal Care,Haircare,PureEssence,11.85,31.08,Active
PROD-0356,VelvetBotanicals Haircare Max 356,Beauty & Personal Care,Haircare,VelvetBotanicals,10.39,24.19,Active
PROD-0357,PureEssence Haircare Plus 357,Beauty & Personal Care,Haircare,PureEssence,29.31,89.78,Active
PROD-0358,VelvetBotanicals Haircare Series X 358,Beauty & Personal Care,Haircare,VelvetBotanicals,38.3,41.05,Active
PROD-0359,VelvetBotanicals Haircare Select 359,Beauty & Personal Care,Haircare,VelvetBotanicals,10.18,26.8,Active
PROD-0360,LuxeCare Haircare Advanced 360,Beauty & Personal Care,Haircare,LuxeCare,11.88,42.1,Active
PROD-0361,LuxeCare Haircare Max 361,Beauty & Personal Care,Haircare,LuxeCare,69.24,74.27,Active
PROD-0362,VelvetBotanicals Haircare Plus 362,Beauty & Personal Care,Haircare,VelvetBotanicals,29.92,75.26,Active
PROD-0363,LuxeCare Haircare Elite 363,Beauty & Personal Care,Haircare,LuxeCare,14.37,38.19,Active
PROD-0364,PureEssence Haircare Classic 364,Beauty & Personal Care,Haircare,PureEssence,36.72,72.68,Active
PROD-0365,LuxeCare Fragrances Series X 365,Beauty & Personal Care,Fragrances,LuxeCare,17.45,50.37,Active
PROD-0366,VelvetBotanicals Fragrances Select 366,Beauty & Personal Care,Fragrances,VelvetBotanicals,61.72,149.23,Active
PROD-0367,VelvetBotanicals Fragrances Classic 367,Beauty & Personal Care,Fragrances,VelvetBotanicals,31.32,110.39,Active
PROD-0368,AuraGlow Fragrances Ultra 368,Beauty & Personal Care,Fragrances,AuraGlow,23.5,82.57,Active
PROD-0369,VelvetBotanicals Fragrances Essential 369,Beauty & Personal Care,Fragrances,VelvetBotanicals,67.88,172.64,Active
PROD-0370,VelvetBotanicals Fragrances Prime 370,Beauty & Personal Care,Fragrances,VelvetBotanicals,26.66,67.47,Active
PROD-0371,AuraGlow Fragrances Prime 371,Beauty & Personal Care,Fragrances,AuraGlow,38.45,126.01,Active
PROD-0372,AuraGlow Fragrances Deluxe 372,Beauty & Personal Care,Fragrances,AuraGlow,18.84,61.58,Active
PROD-0373,AuraGlow Fragrances Essential 373,Beauty & Personal Care,Fragrances,AuraGlow,45.01,157.94,Active
PROD-0374,VelvetBotanicals Fragrances Elite 374,Beauty & Personal Care,Fragrances,VelvetBotanicals,15.51,46.35,Active
PROD-0375,AuraGlow Fragrances Max 375,Beauty & Personal Care,Fragrances,AuraGlow,47.48,147.36,Active
PROD-0376,LuxeCare Fragrances Series X 376,Beauty & Personal Care,Fragrances,LuxeCare,45.34,116.37,Active
PROD-0377,VelvetBotanicals Fragrances Advanced 377,Beauty & Personal Care,Fragrances,VelvetBotanicals,54.98,153.02,Active
PROD-0378,AuraGlow Fragrances Pro 378,Beauty & Personal Care,Fragrances,AuraGlow,22.18,62.12,Active
PROD-0379,LuxeCare Fragrances Deluxe 379,Beauty & Personal Care,Fragrances,LuxeCare,23.21,60.1,Active
PROD-0380,LuxeCare Fragrances Classic 380,Beauty & Personal Care,Fragrances,LuxeCare,19.69,58.3,Active
PROD-0381,LuxeCare Fragrances Max 381,Beauty & Personal Care,Fragrances,LuxeCare,42.16,105.3,Active
PROD-0382,AuraGlow Makeup Pro 382,Beauty & Personal Care,Makeup,AuraGlow,12.37,32.43,Active
PROD-0383,AuraGlow Makeup Select 383,Beauty & Personal Care,Makeup,AuraGlow,24.28,73.44,Active
PROD-0384,VelvetBotanicals Makeup Essential 384,Beauty & Personal Care,Makeup,VelvetBotanicals,7.21,25.71,Active
PROD-0385,RadiantSkin Makeup Plus 385,Beauty & Personal Care,Makeup,RadiantSkin,33.47,71.89,Active
PROD-0386,RadiantSkin Makeup Signature 386,Beauty & Personal Care,Makeup,RadiantSkin,16.87,43.62,Active
PROD-0387,AuraGlow Makeup Pro 387,Beauty & Personal Care,Makeup,AuraGlow,10.99,31.84,Active
PROD-0388,VelvetBotanicals Makeup Plus 388,Beauty & Personal Care,Makeup,VelvetBotanicals,30.68,32.14,Active
PROD-0389,AuraGlow Makeup Prime 389,Beauty & Personal Care,Makeup,AuraGlow,26.02,61.73,Active
PROD-0390,RadiantSkin Makeup Pro 390,Beauty & Personal Care,Makeup,RadiantSkin,16.62,51.2,Active
PROD-0391,AuraGlow Makeup Classic 391,Beauty & Personal Care,Makeup,AuraGlow,20.36,46.78,Active
PROD-0392,VelvetBotanicals Makeup Series X 392,Beauty & Personal Care,Makeup,VelvetBotanicals,19.97,53.93,Active
PROD-0393,RadiantSkin Makeup Advanced 393,Beauty & Personal Care,Makeup,RadiantSkin,33.34,79.1,Active
PROD-0394,AuraGlow Makeup Max 394,Beauty & Personal Care,Makeup,AuraGlow,25.27,53.36,Active
PROD-0395,AuraGlow Makeup Ultra 395,Beauty & Personal Care,Makeup,AuraGlow,24.13,60.8,Active
PROD-0396,  AuraGlow Makeup Deluxe 396 ,Beauty & Personal Care,Makeup,AuraGlow,20.89,72.83,Active
PROD-0397,RadiantSkin Makeup Ultra 397,Beauty & Personal Care,Makeup,RadiantSkin,13.57,39.32,Active
PROD-0398,VelvetBotanicals Makeup Essential 398,Beauty & Personal Care,Makeup,VelvetBotanicals,18.87,46.98,Active
PROD-0399,NovaTech Personal Grooming Prime 399,Beauty & Personal Care,Personal Grooming,NovaTech,77.11,81.73,Active
PROD-0400,PureEssence Personal Grooming Classic 400,Beauty & Personal Care,Personal Grooming,PureEssence,51.88,95.87,Active
PROD-0401,NovaTech Personal Grooming Series X 401,Beauty & Personal Care,Personal Grooming,NovaTech,11.84,23.45,Active
PROD-0402,NovaTech Personal Grooming Deluxe 402,Beauty & Personal Care,Personal Grooming,NovaTech,46.4,49.57,Active
PROD-0403,  NovaTech Personal Grooming Series X 403 ,Beauty & Personal Care,Personal Grooming,NovaTech,67.44,113.74,Active
PROD-0404,NovaTech Personal Grooming Max 404,Beauty & Personal Care,Personal Grooming,NovaTech,15.26,24.09,Active
PROD-0405,PureEssence Personal Grooming Plus 405,Beauty & Personal Care,Personal Grooming,PureEssence,25.03,60.77,Active
PROD-0406,LuxeCare Personal Grooming Signature 406,Beauty & Personal Care,Personal Grooming,LuxeCare,62.67,120.74,Active
PROD-0407,NovaTech Personal Grooming Precision 407,Beauty & Personal Care,Personal Grooming,NovaTech,14.28,28.09,Active
PROD-0408,LuxeCare Personal Grooming Series X 408,Beauty & Personal Care,Personal Grooming,LuxeCare,41.62,82.18,Active
PROD-0409,LuxeCare Personal Grooming Signature 409,Beauty & Personal Care,Personal Grooming,LuxeCare,34.45,64.49,Active
PROD-0410,NovaTech Personal Grooming Series X 410,Beauty & Personal Care,Personal Grooming,NovaTech,57.87,103.62,Active
PROD-0411,PureEssence Personal Grooming Max 411,Beauty & Personal Care,Personal Grooming,PureEssence,28.62,56.26,Active
PROD-0412,  LuxeCare Personal Grooming Advanced 412 ,Beauty & Personal Care,Personal Grooming,LuxeCare,23.54,57.56,Active
PROD-0413,LuxeCare Personal Grooming Plus 413,Beauty & Personal Care,Personal Grooming,LuxeCare,34.67,65.33,Active
PROD-0414,LuxeCare Personal Grooming Prime 414,Beauty & Personal Care,Personal Grooming,LuxeCare,21.25,35.83,Active
PROD-0415,LuxeCare Personal Grooming Select 415,Beauty & Personal Care,Personal Grooming,LuxeCare,40.73,64.86,Active
PROD-0416,IronCore Fitness Equipment Prime 416,Sports & Outdoors,Fitness Equipment,IronCore,525.0,574.52,Active
PROD-0417,OmniSport Fitness Equipment Prime 417,Sports & Outdoors,Fitness Equipment,OmniSport,186.75,455.97,Active
PROD-0418,AeroFit Fitness Equipment Signature 418,Sports & Outdoors,Fitness Equipment,AeroFit,195.65,426.81,Active
PROD-0419,OmniSport Fitness Equipment Max 419,Sports & Outdoors,Fitness Equipment,OmniSport,101.66,168.19,Active
PROD-0420,OmniSport Fitness Equipment Max 420,Sports & Outdoors,Fitness Equipment,OmniSport,34.2,59.91,Active
PROD-0421,IronCore Fitness Equipment Series X 421,Sports & Outdoors,Fitness Equipment,IronCore,437.64,469.33,Active
PROD-0422,IronCore Fitness Equipment Classic 422,Sports & Outdoors,Fitness Equipment,IronCore,247.06,402.14,Active
PROD-0423,OmniSport Fitness Equipment Max 423,Sports & Outdoors,Fitness Equipment,OmniSport,298.93,460.86,Active
PROD-0424,IronCore Fitness Equipment Advanced 424,Sports & Outdoors,Fitness Equipment,IronCore,48.89,80.98,Active
PROD-0425,OmniSport Fitness Equipment Select 425,Sports & Outdoors,Fitness Equipment,OmniSport,376.95,563.89,Active
PROD-0426,IronCore Fitness Equipment Pro 426,Sports & Outdoors,Fitness Equipment,IronCore,365.51,598.38,Active
PROD-0427,OmniSport Fitness Equipment Select 427,Sports and Outdoors,Fitness Equipment,OmniSport,389.55,557.83,Active
PROD-0428,OmniSport Fitness Equipment Deluxe 428,Sports & Outdoors,Fitness Equipment,OmniSport,59.14,91.15,Active
PROD-0429,OmniSport Fitness Equipment Signature 429,Sports & Outdoors,Fitness Equipment,OmniSport,222.25,328.85,Active
PROD-0430,OmniSport Fitness Equipment Plus 430,Sports & Outdoors,Fitness Equipment,OmniSport,118.81,185.51,Active
PROD-0431,OmniSport Fitness Equipment Plus 431,Sports & Outdoors,Fitness Equipment,OmniSport,278.64,399.51,Active
PROD-0432,AeroFit Fitness Equipment Advanced 432,Sports & Outdoors,Fitness Equipment,AeroFit,131.82,198.15,Active
PROD-0433,OmniSport Outdoor Select 433,Sports & Outdoors,Outdoor & Camping Gear,OmniSport,171.14,296.45,Active
PROD-0434,HorizonTrek Outdoor Elite 434,Sports & Outdoors,Outdoor & Camping Gear,HorizonTrek,65.25,195.34,Active
PROD-0435,HorizonTrek Outdoor Essential 435,Sports & Outdoors,Outdoor & Camping Gear,HorizonTrek,397.7,422.72,Active
PROD-0436,HorizonTrek Outdoor Advanced 436,Sports & Outdoors,Outdoor & Camping Gear,HorizonTrek,76.29,138.46,Active
PROD-0437,OmniSport Outdoor Pro 437,Sports & Outdoors,Outdoor & Camping Gear,OmniSport,83.03,136.15,Active
PROD-0438,OmniSport Outdoor Elite 438,Sports & Outdoors,Outdoor & Camping Gear,OmniSport,88.9,222.78,Active
PROD-0439,OmniSport Outdoor Advanced 439,Sports & Outdoors,Outdoor & Camping Gear,OmniSport,54.76,157.16,Active
PROD-0440,HorizonTrek Outdoor Essential 440,Sports & Outdoors,Outdoor & Camping Gear,HorizonTrek,149.01,286.21,Active
PROD-0441,TrailPeak Outdoor Plus 441,Sports & Outdoors,Outdoor & Camping Gear,TrailPeak,198.57,342.78,Active
PROD-0442,OmniSport Outdoor Plus 442,Sports & Outdoors,Outdoor & Camping Gear,OmniSport,176.78,346.86,Active
PROD-0443,TrailPeak Outdoor Series X 443,Sports & Outdoors,Outdoor & Camping Gear,TrailPeak,219.93,345.75,Active
PROD-0444,HorizonTrek Outdoor Signature 444,Sports & Outdoors,Outdoor & Camping Gear,HorizonTrek,301.98,324.09,Active
PROD-0445,TrailPeak Outdoor Select 445,Sports & Outdoors,Outdoor & Camping Gear,TrailPeak,142.44,257.74,Active
PROD-0446,TrailPeak Outdoor Ultra 446,Sports & Outdoors,Outdoor & Camping Gear,TrailPeak,103.64,164.44,Active
PROD-0447,TrailPeak Outdoor Precision 447,Sports & Outdoors,Outdoor & Camping Gear,TrailPeak,119.42,272.83,Active
PROD-0448,TrailPeak Outdoor Plus 448,Sports & Outdoors,Outdoor & Camping Gear,TrailPeak,44.92,81.07,Active
PROD-0449,OmniSport Outdoor Plus 449,Sports & Outdoors,Outdoor & Camping Gear,OmniSport,200.95,310.92,Active
PROD-0450,SummitFit Athletic Footwear Select 450,Sports & Outdoors,Athletic Footwear & Apparel,SummitFit,14.14,30.38,Active
PROD-0451,SummitFit Athletic Footwear Essential 451,Sports & Outdoors,Athletic Footwear & Apparel,SummitFit,68.89,121.04,Active
PROD-0452,AeroFit Athletic Footwear Plus 452,Sports & Outdoors,Athletic Footwear & Apparel,AeroFit,15.07,34.12,Active
PROD-0453,IronCore Athletic Footwear Precision 453,Sports & Outdoors,Athletic Footwear & Apparel,IronCore,45.73,113.95,Active
PROD-0454,SummitFit Athletic Footwear Plus 454,Sports & Outdoors,Athletic Footwear & Apparel,SummitFit,73.29,143.04,Active
PROD-0455,  IronCore Athletic Footwear Series X 455 ,Sports & Outdoors,Athletic Footwear & Apparel,IronCore,44.25,143.68,Active
PROD-0456,AeroFit Athletic Footwear Ultra 456,Sports & Outdoors,Athletic Footwear & Apparel,AeroFit,88.61,159.06,Active
PROD-0457,AeroFit Athletic Footwear Select 457,Sports & Outdoors,Athletic Footwear & Apparel,AeroFit,28.77,30.44,Active
PROD-0458,IronCore Athletic Footwear Precision 458,Sports & Outdoors,Athletic Footwear & Apparel,IronCore,43.51,100.77,Active
PROD-0459,AeroFit Athletic Footwear Plus 459,Sports & Outdoors,Athletic Footwear & Apparel,AeroFit,30.84,74.99,Active
PROD-0460,IronCore Athletic Footwear Advanced 460,Sports & Outdoors,Athletic Footwear & Apparel,IronCore,22.53,44.66,Active
PROD-0461,AeroFit Athletic Footwear Max 461,Sports & Outdoors,Athletic Footwear & Apparel,AeroFit,26.87,56.78,Active
PROD-0462,IronCore Athletic Footwear Series X 462,Sports & Outdoors,Athletic Footwear & Apparel,IronCore,112.07,121.42,Active
PROD-0463,SummitFit Athletic Footwear Plus 463,Sports & Outdoors,Athletic Footwear & Apparel,SummitFit,18.57,60.45,Active
PROD-0464,AeroFit Athletic Footwear Ultra 464,Sports & Outdoors,Athletic Footwear & Apparel,AeroFit,41.37,95.5,Active
PROD-0465,IronCore Athletic Footwear Deluxe 465,Sports & Outdoors,Athletic Footwear & Apparel,IronCore,32.79,71.45,Active
PROD-0466,SummitFit Athletic Footwear Max 466,Sports & Outdoors,Athletic Footwear & Apparel,SummitFit,24.09,69.22,Active
PROD-0467,AeroFit Cycling Classic 467,Sports & Outdoors,Cycling & Active Gear,AeroFit,95.03,104.13,Active
PROD-0468,OmniSport Cycling Ultra 468,SPORTS & OUTDOORS,Cycling & Active Gear,OmniSport,107.55,195.27,Active
PROD-0469,TrailPeak Cycling Series X 469,Sports & Outdoors,Cycling & Active Gear,TrailPeak,121.17,207.97,Active
PROD-0470,TrailPeak Cycling Classic 470,Sports & Outdoors,Cycling & Active Gear,TrailPeak,31.14,61.77,Active
PROD-0471,TrailPeak Cycling Max 471,Sports & Outdoors,Cycling & Active Gear,TrailPeak,132.16,257.81,Active
PROD-0472,TrailPeak Cycling Pro 472,Sports & Outdoors,Cycling & Active Gear,TrailPeak,95.77,177.46,Active
PROD-0473,AeroFit Cycling Classic 473,Sports & Outdoors,Cycling & Active Gear,AeroFit,34.43,87.99,Active
PROD-0474,TrailPeak Cycling Select 474,Sports & Outdoors,Cycling & Active Gear,TrailPeak,60.79,123.89,Active
PROD-0475,AeroFit Cycling Prime 475,Sports & Outdoors,Cycling & Active Gear,AeroFit,79.49,125.6,Active
PROD-0476,AeroFit Cycling Max 476,Sports & Outdoors,Cycling & Active Gear,AeroFit,127.34,245.29,Active
PROD-0477,AeroFit Cycling Plus 477,Sports & Outdoors,Cycling & Active Gear,AeroFit,45.94,78.48,Active
PROD-0478,AeroFit Cycling Max 478,Sports & Outdoors,Cycling & Active Gear,AeroFit,174.77,282.39,Active
PROD-0479,TrailPeak Cycling Max 479,Sports & Outdoors,Cycling & Active Gear,TrailPeak,122.12,214.77,Active
PROD-0480,AeroFit Cycling Signature 480,Sports & Outdoors,Cycling & Active Gear,AeroFit,61.19,110.04,Active
PROD-0481,OmniSport Cycling Essential 481,Sports & Outdoors,Cycling & Active Gear,OmniSport,51.16,106.35,Active
PROD-0482,TrailPeak Cycling Elite 482,Sports & Outdoors,Cycling & Active Gear,TrailPeak,123.1,244.78,Active
PROD-0483,TrailPeak Cycling Max 483,Sports & Outdoors,Cycling & Active Gear,TrailPeak,66.69,123.79,Active
PROD-0484,HorizonTrek Hydration Precision 484,Sports & Outdoors,Hydration & Accessories,HorizonTrek,6.64,18.39,Active
PROD-0485,IronCore Hydration Precision 485,Sports & Outdoors,Hydration & Accessories,IronCore,10.63,28.44,Active
PROD-0486,TrailPeak Hydration Deluxe 486,Sports & Outdoors,Hydration & Accessories,TrailPeak,17.91,43.82,Active
PROD-0487,IronCore Hydration Essential 487,Sports & Outdoors,Hydration & Accessories,IronCore,8.01,22.51,Active
PROD-0488,IronCore Hydration Precision 488,sports & outdoors,Hydration & Accessories,IronCore,9.61,31.14,Active
PROD-0489,HorizonTrek Hydration Ultra 489,Sports & Outdoors,Hydration & Accessories,HorizonTrek,14.43,39.64,Active
PROD-0490,IronCore Hydration Series X 490,Sports & Outdoors,Hydration & Accessories,IronCore,18.27,48.41,Active
PROD-0491,HorizonTrek Hydration Select 491,Sports & Outdoors,Hydration & Accessories,HorizonTrek,16.97,37.71,Active
PROD-0492,IronCore Hydration Max 492,Sports & Outdoors,Hydration & Accessories,IronCore,6.04,15.5,Active
PROD-0493,TrailPeak Hydration Essential 493,Sports & Outdoors,Hydration & Accessories,TrailPeak,5.5,15.23,Active
PROD-0494,TrailPeak Hydration Series X 494,Sports & Outdoors,Hydration & Accessories,TrailPeak,28.94,31.04,Active
PROD-0495,HorizonTrek Hydration Pro 495,Sports & Outdoors,Hydration & Accessories,HorizonTrek,11.53,32.58,Active
PROD-0496,HorizonTrek Hydration Signature 496,Sports & Outdoors,Hydration & Accessories,HorizonTrek,16.5,43.08,Active
PROD-0497,HorizonTrek Hydration Elite 497,Sports & Outdoors,Hydration & Accessories,HorizonTrek,22.5,46.96,Active
PROD-0498,IronCore Hydration Signature 498,Sports & Outdoors,Hydration & Accessories,IronCore,8.59,22.33,Active
PROD-0499,  HorizonTrek Hydration Essential 499 ,Sports & Outdoors,Hydration & Accessories,HorizonTrek,23.21,48.48,Active
PROD-0500,IronCore Hydration Max 500,Sports & Outdoors,Hydration & Accessories,IronCore,12.2,24.09,Active
